{"type":"FeatureCollection","features":[{"type":"Feature","properties":{"name":"Aguascalientes","code":"MX-AGU","source":"MEX"},"geometry":{"type":"Polygon","coordinates":[[[-101.86167,22.02888],[-102.04522,22.15373],[-102.00099,22.16811],[-102.03727,22.29898],[-102.15323,22.29041],[-102.14985,22.34718],[-102.2532,22.37449],[-102.29831,22.45959],[-102.32136,22.38853],[-102.46864,22.35188],[-102.4702,22.30921],[-102.66874,22.29187],[-102.6393,22.22604],[-102.69087,22.10656],[-102.87418,21.85277],[-102.73732,21.71561],[-102.63349,21.76734],[-102.32572,21.62227],[-102.1421,21.70537],[-102.03842,21.8532],[-101.838,21.90734],[-101.9126,21.99749],[-101.86059,22.02798],[-101.86167,22.02888]]]}},{"type":"Feature","properties":{"name":"Baja California","code":"MX-BCN","source":"MEX"},"geometry":{"type":"MultiPolygon","coordinates":[[[[-114.1288,28.01224],[-114.13421,28.01901],[-114.13567,28.01833],[-114.1288,28.01224]]],[[[-114.06928,28.03643],[-114.07277,28.03564],[-114.07263,28.03466],[-114.06928,28.03643]]],[[[-114.07604,28.0],[-114.11938,28.037],[-114.07853,28.0],[-114.07604,28.0]]],[[[-114.08835,28.04078],[-114.08536,28.037],[-114.08686,28.04102],[-114.08835,28.04078]]],[[[-114.06933,28.04541],[-114.07215,28.04627],[-114.07367,28.04341],[-114.06933,28.04541]]],[[[-114.14934,28.0],[-114.12367,28.08492],[-114.2047,28.0],[-114.14934,28.0]]],[[[-114.0616,28.15941],[-114.06199,28.16114],[-114.06262,28.15926],[-114.0616,28.15941]]],[[[-114.06058,28.1639],[-114.06009,28.1657],[-114.06158,28.1646],[-114.06058,28.1639]]],[[[-114.05309,28.21158],[-114.05571,28.21181],[-114.05351,28.20937],[-114.05309,28.21158]]],[[[-114.05831,28.21376],[-114.07945,28.24692],[-114.05942,28.21249],[-114.05831,28.21376]]],[[[-115.53631,28.304],[-115.54122,28.30632],[-115.54267,28.30261],[-115.53631,28.304]]],[[[-115.56846,28.30826],[-115.56993,28.31123],[-115.57106,28.30942],[-115.56846,28.30826]]],[[[-115.5907,28.31529],[-115.59641,28.31309],[-115.59831,28.31403],[-115.5907,28.31529]]],[[[-115.21614,28.37591],[-115.23771,28.22695],[-115.35517,28.08111],[-115.28801,28.09349],[-115.22874,28.02995],[-115.18511,28.03197],[-115.15674,28.14087],[-115.21136,28.37034],[-115.21614,28.37591]]],[[[-112.89051,28.67689],[-112.75561,28.59151],[-112.87023,28.67279],[-112.89051,28.67689]]],[[[-112.92552,28.70391],[-112.89482,28.67985],[-112.92212,28.70211],[-112.92552,28.70391]]],[[[-112.96184,28.73391],[-112.96415,28.73332],[-112.96536,28.73098],[-112.96184,28.73391]]],[[[-112.97776,28.8241],[-112.98538,28.82458],[-112.98547,28.82261],[-112.97776,28.8241]]],[[[-118.29489,28.88094],[-118.29592,28.88165],[-118.29615,28.88063],[-118.29489,28.88094]]],[[[-113.02782,28.88522],[-113.02837,28.8872],[-113.03065,28.8874],[-113.02782,28.88522]]],[[[-113.03716,28.89997],[-113.03857,28.89961],[-113.03691,28.89653],[-113.03716,28.89997]]],[[[-118.28709,28.9054],[-118.28845,28.90816],[-118.2909,28.90737],[-118.28709,28.9054]]],[[[-113.47603,28.96762],[-113.47505,28.96938],[-113.47729,28.97511],[-113.47603,28.96762]]],[[[-113.51899,28.99797],[-113.52071,28.99704],[-113.51837,28.99525],[-113.51899,28.99797]]],[[[-113.51275,29.00261],[-113.51557,29.00202],[-113.5123,28.99984],[-113.51275,29.00261]]],[[[-113.52228,29.00664],[-113.52333,29.00679],[-113.52434,29.00228],[-113.52228,29.00664]]],[[[-113.51113,29.01182],[-113.51517,29.01161],[-113.51589,29.00975],[-113.51113,29.01182]]],[[[-113.51436,29.01633],[-113.51636,29.01342],[-113.51123,29.01362],[-113.51436,29.01633]]],[[[-113.46167,29.01597],[-113.46515,29.02184],[-113.46858,29.02342],[-113.46167,29.01597]]],[[[-113.08297,29.06866],[-113.09565,29.06675],[-113.09774,29.06374],[-113.08297,29.06866]]],[[[-113.51977,29.06903],[-113.52185,29.06964],[-113.51784,29.06507],[-113.51977,29.06903]]],[[[-113.51441,29.09643],[-113.48965,29.03766],[-113.50837,29.09565],[-113.51441,29.09643]]],[[[-113.5282,29.09891],[-113.53088,29.09631],[-113.52926,29.09629],[-113.5282,29.09891]]],[[[-118.33347,29.17017],[-118.36423,29.07701],[-118.28899,28.88224],[-118.24804,29.01446],[-118.32669,29.16908],[-118.33347,29.17017]]],[[[-113.51304,29.54305],[-113.57212,29.53836],[-113.58822,29.40893],[-113.11584,28.98705],[-113.16781,29.27847],[-113.36656,29.30697],[-113.39415,29.45917],[-113.51293,29.53891],[-113.51304,29.54305]]],[[[-113.55717,29.55115],[-113.55828,29.55406],[-113.56038,29.54999],[-113.55717,29.55115]]],[[[-113.53958,29.56577],[-113.5451,29.56545],[-113.54404,29.56399],[-113.53958,29.56577]]],[[[-113.56594,29.56459],[-113.56694,29.56598],[-113.57934,29.56099],[-113.56594,29.56459]]],[[[-115.7895,29.79596],[-115.79199,29.79656],[-115.79174,29.79334],[-115.7895,29.79596]]],[[[-114.41725,29.98787],[-114.41383,29.95062],[-114.41614,29.9862],[-114.41725,29.98787]]],[[[-114.38907,29.99369],[-114.38962,29.99497],[-114.39086,29.99364],[-114.38907,29.99369]]],[[[-114.47348,30.02277],[-114.47982,30.02042],[-114.47542,30.01603],[-114.47348,30.02277]]],[[[-114.48804,30.0537],[-114.49058,30.053],[-114.48955,30.05136],[-114.48804,30.0537]]],[[[-114.54959,30.09296],[-114.55374,30.09266],[-114.55394,30.0898],[-114.54959,30.09296]]],[[[-116.04129,30.71281],[-116.0404,30.71439],[-116.04347,30.71539],[-116.04129,30.71281]]],[[[-114.7489,31.80392],[-114.79994,31.81264],[-114.7911,31.73],[-114.65231,31.67873],[-114.74345,31.79715],[-114.7489,31.80392]]],[[[-117.24678,32.41662],[-117.25077,32.41968],[-117.24922,32.41085],[-117.24678,32.41662]]],[[[-117.25978,32.41888],[-117.26055,32.42016],[-117.26157,32.41682],[-117.25978,32.41888]]],[[[-117.29894,32.44553],[-117.30043,32.44471],[-117.30004,32.44034],[-117.29894,32.44553]]],[[[-114.81357,32.49391],[-114.80702,32.62272],[-114.72024,32.71863],[-117.1242,32.52293],[-117.03785,32.28366],[-116.92268,32.22653],[-116.88025,32.01867],[-116.61303,31.84578],[-116.62936,31.69618],[-116.61922,31.77317],[-116.66278,31.71868],[-116.74331,31.74416],[-116.64932,31.66561],[-116.69015,31.55504],[-116.36995,31.26677],[-116.30906,31.15073],[-116.33598,30.96931],[-116.05748,30.79572],[-116.04705,30.47113],[-115.98508,30.35828],[-116.03274,30.45655],[-115.95758,30.43818],[-115.9899,30.51238],[-115.92816,30.44181],[-115.98716,30.38984],[-115.90847,30.3976],[-115.81181,30.30051],[-115.8127,29.94946],[-115.70096,29.89883],[-115.69837,29.75431],[-115.25028,29.51441],[-115.18849,29.42781],[-114.96701,29.37514],[-114.71564,29.11019],[-114.62696,29.0899],[-114.59217,28.97041],[-114.41413,28.87647],[-114.34679,28.73071],[-114.1643,28.64138],[-114.16158,28.57023],[-114.0449,28.46141],[-114.12496,28.25684],[-114.06556,28.2613],[-114.03905,28.18668],[-114.05655,28.09453],[-114.05903,28.20092],[-114.11332,28.12206],[-114.09988,28.05772],[-114.03238,28.04429],[-114.0628,28.0],[-112.76493,28.0],[-112.8049,28.02851],[-112.78677,28.19667],[-112.8735,28.28223],[-112.84636,28.4402],[-113.10434,28.50608],[-113.19658,28.79241],[-113.25161,28.84053],[-113.35416,28.79939],[-113.38576,28.93963],[-113.48009,28.94775],[-113.47903,28.89454],[-113.5262,28.89327],[-113.53884,29.05842],[-113.65614,29.20854],[-113.63785,29.28374],[-114.20811,29.74385],[-114.38599,29.77708],[-114.41298,29.89069],[-114.53682,29.97043],[-114.66723,30.19059],[-114.63073,30.48871],[-114.69897,30.63333],[-114.71007,30.90605],[-114.82955,30.99393],[-114.81213,31.04565],[-114.89005,31.14482],[-114.85795,31.50114],[-114.78368,31.63553],[-114.80801,31.81358],[-115.07655,31.96386],[-115.05932,31.99924],[-114.96476,31.91768],[-114.97532,32.178],[-115.05302,32.24517],[-114.96659,32.33879],[-114.93512,32.48175],[-114.81323,32.48985],[-114.81357,32.49391]]]]}},{"type":"Feature","properties":{"name":"Baja California Sur","code":"MX-BCS","source":"MEX"},"geometry":{"type":"MultiPolygon","coordinates":[[[[-110.34078,24.28615],[-110.33801,24.28856],[-110.33916,24.28883],[-110.34078,24.28615]]],[[[-109.92548,24.36843],[-109.89359,24.18808],[-109.80248,24.13672],[-109.92156,24.36387],[-109.92548,24.36843]]],[[[-111.60737,24.37758],[-111.67111,24.3581],[-111.44978,24.32984],[-111.60293,24.37568],[-111.60737,24.37758]]],[[[-111.56248,24.4036],[-111.56398,24.40551],[-111.56431,24.40423],[-111.56248,24.4036]]],[[[-111.54683,24.40443],[-111.54449,24.40546],[-111.54783,24.40793],[-111.54683,24.40443]]],[[[-111.54367,24.41048],[-111.54531,24.40886],[-111.5419,24.40838],[-111.54367,24.41048]]],[[[-110.39813,24.48603],[-110.40322,24.48569],[-110.40917,24.48151],[-110.39813,24.48603]]],[[[-111.83876,24.51028],[-111.84104,24.51334],[-111.84567,24.50956],[-111.83876,24.51028]]],[[[-111.98676,24.52564],[-111.71064,24.3033],[-111.68729,24.38133],[-111.74941,24.44188],[-111.86308,24.51951],[-111.97598,24.51961],[-111.98676,24.52564]]],[[[-110.35022,24.53049],[-110.39924,24.5183],[-110.32746,24.40282],[-110.28911,24.47285],[-110.3463,24.52979],[-110.35022,24.53049]]],[[[-110.39697,24.5919],[-110.36779,24.53112],[-110.38671,24.58896],[-110.39697,24.5919]]],[[[-112.10399,24.71873],[-112.10643,24.72025],[-112.10806,24.71934],[-112.10399,24.71873]]],[[[-111.94791,24.75657],[-111.95136,24.75655],[-111.95136,24.75474],[-111.94791,24.75657]]],[[[-112.03336,24.7592],[-112.03305,24.76191],[-112.0345,24.76084],[-112.03336,24.7592]]],[[[-112.07257,24.76312],[-112.07405,24.76351],[-112.07317,24.76052],[-112.07257,24.76312]]],[[[-111.96769,24.77236],[-111.9709,24.77472],[-111.9703,24.77272],[-111.96769,24.77236]]],[[[-111.96839,24.78973],[-111.9705,24.79137],[-111.9736,24.78774],[-111.96839,24.78973]]],[[[-112.0441,24.79704],[-112.04914,24.79669],[-112.04982,24.79491],[-112.0441,24.79704]]],[[[-112.03235,24.79973],[-112.03128,24.80349],[-112.03613,24.80338],[-112.03235,24.79973]]],[[[-112.20914,24.81935],[-112.20811,24.82029],[-112.21016,24.82172],[-112.20914,24.81935]]],[[[-112.21678,24.82189],[-112.21486,24.82401],[-112.21712,24.82328],[-112.21678,24.82189]]],[[[-112.22715,24.83119],[-112.22717,24.83277],[-112.229,24.83173],[-112.22715,24.83119]]],[[[-110.56626,24.84008],[-110.56736,24.84315],[-110.57122,24.84329],[-110.56626,24.84008]]],[[[-112.1758,24.86111],[-112.1759,24.86573],[-112.17708,24.86235],[-112.1758,24.86111]]],[[[-112.13257,24.85761],[-112.1312,24.86168],[-112.13659,24.86675],[-112.13257,24.85761]]],[[[-112.13756,24.8695],[-112.13727,24.87131],[-112.14057,24.873],[-112.13756,24.8695]]],[[[-112.13555,24.87658],[-112.13302,24.87868],[-112.13356,24.88075],[-112.13555,24.87658]]],[[[-112.17304,24.88202],[-112.1737,24.88552],[-112.17532,24.88652],[-112.17304,24.88202]]],[[[-112.16679,24.90597],[-112.16395,24.90799],[-112.16471,24.91032],[-112.16679,24.90597]]],[[[-112.11542,24.91368],[-112.11476,24.91759],[-112.11706,24.91881],[-112.11542,24.91368]]],[[[-112.18339,24.92004],[-112.18937,24.91751],[-112.1893,24.91354],[-112.18339,24.92004]]],[[[-112.16376,24.91763],[-112.16565,24.91856],[-112.16155,24.92488],[-112.16376,24.91763]]],[[[-112.17548,24.92803],[-112.17671,24.93128],[-112.17706,24.92865],[-112.17548,24.92803]]],[[[-112.17439,24.93188],[-112.17423,24.93375],[-112.17674,24.93376],[-112.17439,24.93188]]],[[[-112.07854,24.94498],[-112.08095,24.94642],[-112.07961,24.94452],[-112.07854,24.94498]]],[[[-112.1168,24.95417],[-112.11976,24.958],[-112.12169,24.95786],[-112.1168,24.95417]]],[[[-112.11872,24.96466],[-112.11957,24.96645],[-112.12102,24.96616],[-112.11872,24.96466]]],[[[-112.15477,24.968],[-112.15391,24.97038],[-112.15718,24.96798],[-112.15477,24.968]]],[[[-112.10294,24.99968],[-112.10052,25.00289],[-112.10312,25.00457],[-112.10294,24.99968]]],[[[-112.14755,25.03392],[-112.14947,25.03995],[-112.14644,25.04421],[-112.14755,25.03392]]],[[[-112.13468,25.05073],[-112.13692,25.05498],[-112.13835,25.05504],[-112.13468,25.05073]]],[[[-112.1404,25.05648],[-112.14311,25.05739],[-112.14523,25.05506],[-112.1404,25.05648]]],[[[-112.14931,25.055],[-112.14687,25.05612],[-112.14793,25.06257],[-112.14931,25.055]]],[[[-110.7054,25.10488],[-110.64137,24.91413],[-110.53076,24.87734],[-110.57487,25.01562],[-110.69757,25.09846],[-110.7054,25.10488]]],[[[-112.15528,25.10469],[-112.15484,25.11034],[-112.15263,25.11239],[-112.15528,25.10469]]],[[[-110.50962,25.11189],[-110.5108,25.1151],[-110.51109,25.11195],[-110.50962,25.11189]]],[[[-110.8608,25.12801],[-110.86015,25.13032],[-110.86254,25.12949],[-110.8608,25.12801]]],[[[-112.15287,25.12531],[-112.15008,25.13108],[-112.15296,25.12812],[-112.15287,25.12531]]],[[[-110.70355,25.19412],[-110.69579,25.19979],[-110.69638,25.2057],[-110.70355,25.19412]]],[[[-112.10944,25.22383],[-112.10835,25.22617],[-112.11007,25.22713],[-112.10944,25.22383]]],[[[-112.10817,25.22891],[-112.10714,25.2314],[-112.10842,25.2328],[-112.10817,25.22891]]],[[[-112.08461,25.2497],[-112.08604,25.25082],[-112.08527,25.24783],[-112.08461,25.2497]]],[[[-112.09116,25.25342],[-112.09262,25.25609],[-112.09612,25.25299],[-112.09116,25.25342]]],[[[-112.08959,25.25965],[-112.09275,25.25913],[-112.09323,25.25703],[-112.08959,25.25965]]],[[[-112.08732,25.26226],[-112.09001,25.26416],[-112.09278,25.262],[-112.08732,25.26226]]],[[[-112.12663,25.26002],[-112.30432,24.79489],[-112.15207,24.74503],[-112.17413,24.65207],[-112.0556,24.53871],[-112.23113,24.83375],[-112.16592,24.91172],[-112.12399,25.25995],[-112.12663,25.26002]]],[[[-112.10016,25.27297],[-112.10307,25.27503],[-112.10571,25.26996],[-112.10016,25.27297]]],[[[-112.09315,25.27622],[-112.0961,25.27862],[-112.09779,25.27762],[-112.09315,25.27622]]],[[[-112.10571,25.29176],[-112.1096,25.29334],[-112.11056,25.29206],[-112.10571,25.29176]]],[[[-112.09755,25.29649],[-112.10122,25.29466],[-112.10704,25.29594],[-112.09755,25.29649]]],[[[-112.0919,25.30028],[-112.0933,25.30097],[-112.09338,25.29883],[-112.0919,25.30028]]],[[[-110.7044,25.30592],[-110.72344,25.26036],[-110.69331,25.30565],[-110.7044,25.30592]]],[[[-112.08984,25.30606],[-112.09084,25.30706],[-112.09546,25.30604],[-112.08984,25.30606]]],[[[-112.09222,25.30986],[-112.09167,25.31105],[-112.09528,25.31244],[-112.09222,25.30986]]],[[[-112.08627,25.31138],[-112.09016,25.31513],[-112.09057,25.31382],[-112.08627,25.31138]]],[[[-112.10606,25.3113],[-112.10339,25.31589],[-112.10851,25.31133],[-112.10606,25.3113]]],[[[-112.1114,25.31114],[-112.10874,25.31254],[-112.10545,25.31853],[-112.1114,25.31114]]],[[[-112.08776,25.3168],[-112.08617,25.31976],[-112.09048,25.31838],[-112.08776,25.3168]]],[[[-112.09781,25.31536],[-112.09858,25.32129],[-112.10516,25.31085],[-112.09781,25.31536]]],[[[-112.08101,25.32459],[-112.08562,25.32265],[-112.08593,25.3209],[-112.08101,25.32459]]],[[[-112.08915,25.32375],[-112.09231,25.32556],[-112.09188,25.32384],[-112.08915,25.32375]]],[[[-112.09377,25.31796],[-112.09219,25.31969],[-112.09334,25.32186],[-112.09377,25.31796]]],[[[-112.08213,25.33337],[-112.07762,25.33518],[-112.07825,25.33664],[-112.08213,25.33337]]],[[[-112.08302,25.34288],[-112.08215,25.34408],[-112.08817,25.34302],[-112.08302,25.34288]]],[[[-112.08646,25.34576],[-112.09212,25.34594],[-112.09368,25.34338],[-112.08646,25.34576]]],[[[-112.08111,25.34684],[-112.08572,25.3461],[-112.08416,25.34485],[-112.08111,25.34684]]],[[[-112.09725,25.36603],[-112.09753,25.36896],[-112.10089,25.36324],[-112.09725,25.36603]]],[[[-112.08704,25.37006],[-112.08855,25.37135],[-112.09281,25.36979],[-112.08704,25.37006]]],[[[-112.10255,25.37582],[-112.10358,25.37965],[-112.107,25.3798],[-112.10255,25.37582]]],[[[-112.07707,25.43622],[-112.07988,25.43784],[-112.08154,25.43529],[-112.07707,25.43622]]],[[[-112.09258,25.49485],[-112.1202,25.28075],[-112.09165,25.48944],[-112.09258,25.49485]]],[[[-112.07407,25.54618],[-112.08464,25.51179],[-112.0717,25.5458],[-112.07407,25.54618]]],[[[-112.07371,25.54809],[-112.07092,25.5493],[-112.07015,25.55331],[-112.07371,25.54809]]],[[[-112.07234,25.56848],[-112.07129,25.56928],[-112.07487,25.57314],[-112.07234,25.56848]]],[[[-111.1318,25.58793],[-111.13,25.5844],[-111.12932,25.5866],[-111.1318,25.58793]]],[[[-111.1489,25.58737],[-111.15278,25.588],[-111.15286,25.58269],[-111.1489,25.58737]]],[[[-112.06855,25.59029],[-112.07044,25.59299],[-112.06985,25.58921],[-112.06855,25.59029]]],[[[-112.08201,25.59451],[-112.08403,25.59514],[-112.08561,25.58367],[-112.08201,25.59451]]],[[[-112.07452,25.61677],[-112.07694,25.62392],[-112.08052,25.62688],[-112.07452,25.61677]]],[[[-112.073,25.62931],[-112.07853,25.6348],[-112.0818,25.62998],[-112.073,25.62931]]],[[[-112.08,25.64613],[-112.08264,25.6479],[-112.085,25.64438],[-112.08,25.64613]]],[[[-112.07616,25.64819],[-112.07551,25.65113],[-112.08181,25.6526],[-112.07616,25.64819]]],[[[-112.07353,25.65278],[-112.07347,25.65442],[-112.07605,25.65632],[-112.07353,25.65278]]],[[[-112.07895,25.66064],[-112.08186,25.66559],[-112.08706,25.66205],[-112.07895,25.66064]]],[[[-112.08274,25.67186],[-112.09068,25.62898],[-112.0811,25.66953],[-112.08274,25.67186]]],[[[-112.0772,25.67267],[-112.07881,25.67294],[-112.07823,25.66601],[-112.0772,25.67267]]],[[[-112.0797,25.67287],[-112.07765,25.67573],[-112.08067,25.67969],[-112.0797,25.67287]]],[[[-112.09161,25.64941],[-112.09831,25.5012],[-112.09094,25.64234],[-112.09161,25.64941]]],[[[-110.77369,25.71154],[-110.80544,25.64651],[-110.75952,25.59355],[-110.7715,25.70743],[-110.77369,25.71154]]],[[[-111.03583,25.71444],[-111.0298,25.64978],[-111.03396,25.71394],[-111.03583,25.71444]]],[[[-111.25468,25.81128],[-111.24525,25.76469],[-111.25406,25.80421],[-111.25468,25.81128]]],[[[-111.06042,26.07092],[-111.17544,26.04173],[-111.20445,25.80638],[-111.12045,25.99387],[-111.06759,25.96584],[-111.0696,26.06008],[-111.06042,26.07092]]],[[[-111.3036,26.10533],[-111.30562,26.1063],[-111.30637,26.1048],[-111.3036,26.10533]]],[[[-111.26602,26.13653],[-111.29712,26.09858],[-111.26342,26.13567],[-111.26602,26.13653]]],[[[-112.79037,26.42173],[-112.79954,26.42153],[-112.80071,26.41861],[-112.79037,26.42173]]],[[[-112.80322,26.42419],[-112.80242,26.42491],[-112.80476,26.42654],[-112.80322,26.42419]]],[[[-112.9879,26.55886],[-112.99206,26.55685],[-112.99049,26.55488],[-112.9879,26.55886]]],[[[-113.07655,26.62427],[-113.08007,26.62789],[-113.08151,26.62729],[-113.07655,26.62427]]],[[[-113.07523,26.63175],[-113.07648,26.635],[-113.07693,26.63178],[-113.07523,26.63175]]],[[[-111.436,26.64163],[-111.43531,26.63794],[-111.43692,26.63685],[-111.436,26.64163]]],[[[-113.08174,26.64383],[-113.08055,26.64514],[-113.08242,26.64852],[-113.08174,26.64383]]],[[[-113.09238,26.64928],[-113.09473,26.6504],[-113.09703,26.6493],[-113.09238,26.64928]]],[[[-113.07176,26.65074],[-113.07485,26.6501],[-113.07411,26.64072],[-113.07176,26.65074]]],[[[-113.09508,26.65266],[-113.09474,26.65511],[-113.09616,26.6563],[-113.09508,26.65266]]],[[[-113.11295,26.65751],[-113.06852,26.60942],[-113.1005,26.65611],[-113.11295,26.65751]]],[[[-113.08866,26.66352],[-113.09153,26.65944],[-113.0906,26.65799],[-113.08866,26.66352]]],[[[-113.09144,26.66283],[-113.09298,26.66458],[-113.09663,26.66363],[-113.09144,26.66283]]],[[[-111.86759,26.71946],[-111.86454,26.72219],[-111.86643,26.72275],[-111.86759,26.71946]]],[[[-111.88622,26.72279],[-111.8875,26.72549],[-111.89015,26.72564],[-111.88622,26.72279]]],[[[-113.2301,26.72738],[-113.26781,26.7084],[-113.13533,26.66098],[-113.2294,26.72643],[-113.2301,26.72738]]],[[[-111.87621,26.74118],[-111.87295,26.74165],[-111.87522,26.74353],[-111.87621,26.74118]]],[[[-111.8867,26.75469],[-111.88723,26.75742],[-111.88893,26.75467],[-111.8867,26.75469]]],[[[-113.23474,26.77187],[-113.19295,26.73833],[-113.22558,26.76908],[-113.23474,26.77187]]],[[[-113.14788,26.79472],[-113.14345,26.79662],[-113.14325,26.79921],[-113.14788,26.79472]]],[[[-113.4724,26.8158],[-113.47705,26.81842],[-113.48079,26.8169],[-113.4724,26.8158]]],[[[-113.39776,26.81449],[-113.40107,26.81911],[-113.40146,26.81697],[-113.39776,26.81449]]],[[[-113.45904,26.82534],[-113.46174,26.82557],[-113.46345,26.823],[-113.45904,26.82534]]],[[[-113.44068,26.82527],[-113.44252,26.82642],[-113.44671,26.82494],[-113.44068,26.82527]]],[[[-113.15559,26.90915],[-113.15439,26.91548],[-113.15774,26.91673],[-113.15559,26.90915]]],[[[-113.16194,26.93178],[-113.16495,26.93112],[-113.16797,26.92802],[-113.16194,26.93178]]],[[[-111.91093,27.03633],[-111.9088,27.04279],[-111.91552,27.03766],[-111.91093,27.03633]]],[[[-114.29328,27.11056],[-114.29511,27.10906],[-114.29491,27.10179],[-114.29328,27.11056]]],[[[-114.37459,27.14901],[-114.37556,27.15073],[-114.37631,27.14791],[-114.37459,27.14901]]],[[[-112.07794,27.24925],[-112.0739,27.17777],[-112.06614,27.23973],[-112.07794,27.24925]]],[[[-114.07,27.66073],[-114.0748,27.66128],[-114.08066,27.65977],[-114.07,27.66073]]],[[[-114.16942,27.71122],[-114.17274,27.71239],[-114.17277,27.71098],[-114.16942,27.71122]]],[[[-114.13865,27.71505],[-114.13774,27.71781],[-114.1409,27.7184],[-114.13865,27.71505]]],[[[-114.22623,27.76665],[-114.18548,27.72185],[-114.21393,27.75186],[-114.22623,27.76665]]],[[[-114.17089,27.76699],[-114.14602,27.7216],[-114.17028,27.7658],[-114.17089,27.76699]]],[[[-114.22514,27.83568],[-114.22408,27.83757],[-114.22101,27.83853],[-114.22514,27.83568]]],[[[-114.23186,27.88566],[-114.23338,27.88579],[-114.23818,27.89198],[-114.23186,27.88566]]],[[[-115.22264,27.89372],[-115.22359,27.89324],[-115.22206,27.89228],[-115.22264,27.89372]]],[[[-114.13877,27.89206],[-114.1372,27.89395],[-114.13977,27.89285],[-114.13877,27.89206]]],[[[-114.22524,27.89161],[-114.2234,27.89406],[-114.22543,27.89398],[-114.22524,27.89161]]],[[[-115.1928,27.88531],[-115.16726,27.85217],[-115.19089,27.88547],[-115.1928,27.88531]]],[[[-114.23158,27.8967],[-114.2338,27.8946],[-114.22819,27.8955],[-114.23158,27.8967]]],[[[-114.17639,27.92722],[-114.18021,27.92459],[-114.17528,27.92584],[-114.17639,27.92722]]],[[[-114.17407,27.93073],[-114.18317,27.93035],[-114.18102,27.92731],[-114.17407,27.93073]]],[[[-114.1632,27.94876],[-114.16898,27.95102],[-114.16591,27.94757],[-114.1632,27.94876]]],[[[-114.10185,27.9972],[-114.10163,27.99833],[-114.10846,27.99701],[-114.10185,27.9972]]],[[[-114.07853,28.0],[-114.07815,27.99882],[-114.07604,27.99888],[-114.07853,28.0]]],[[[-114.09718,28.0],[-114.11101,27.92061],[-114.14934,28.0],[-114.2047,28.0],[-114.27136,27.8946],[-114.14855,27.95533],[-114.11514,27.90321],[-114.18856,27.92075],[-114.12621,27.88058],[-114.17864,27.82294],[-114.14352,27.72345],[-114.04857,27.71717],[-114.06873,27.8066],[-113.91981,27.7135],[-113.97986,27.65709],[-114.08484,27.68095],[-114.03144,27.67004],[-114.10075,27.60009],[-114.3,27.75019],[-114.30611,27.87248],[-114.38948,27.82518],[-114.32859,27.84992],[-114.33755,27.80829],[-114.49926,27.77197],[-115.08197,27.84785],[-115.00649,27.71796],[-114.90059,27.66438],[-114.87524,27.70662],[-114.87341,27.64325],[-114.73728,27.52418],[-114.51301,27.41677],[-114.43398,27.1764],[-114.1471,27.12413],[-114.00276,26.97144],[-113.85278,26.97038],[-113.60977,26.71462],[-113.45512,26.83094],[-113.2684,26.75081],[-113.16468,26.99242],[-113.13821,26.85782],[-113.24264,26.78422],[-113.18575,26.75581],[-113.12355,26.81011],[-113.152,26.75018],[-113.06181,26.59915],[-112.86444,26.5029],[-112.82447,26.44723],[-112.96256,26.52837],[-112.67994,26.31533],[-112.39706,26.23616],[-112.29526,26.05799],[-112.26766,26.11373],[-112.2272,26.08483],[-112.27932,26.06089],[-112.09358,25.8112],[-112.08984,25.4736],[-112.00068,25.50033],[-112.08812,25.46289],[-112.06225,25.25534],[-112.14945,25.13741],[-112.12228,25.0387],[-112.18372,24.96067],[-112.17668,24.81761],[-112.14876,24.86122],[-112.14315,24.80385],[-112.10322,25.00847],[-112.12041,24.78346],[-112.0794,24.72312],[-112.03706,24.84466],[-112.03137,24.7382],[-111.96537,24.73732],[-111.97962,24.8114],[-111.84111,24.63873],[-111.81474,24.50698],[-111.7576,24.51353],[-111.81659,24.59844],[-111.79408,24.54568],[-111.6576,24.56992],[-111.58375,24.41483],[-111.53584,24.47514],[-111.55719,24.40468],[-111.02732,24.09785],[-110.6143,23.70977],[-110.32654,23.55817],[-110.16816,23.31707],[-110.08546,22.99163],[-109.99069,22.88502],[-109.89443,22.8759],[-109.53098,23.11407],[-109.43734,23.23959],[-109.41352,23.38503],[-109.46843,23.55462],[-109.69708,23.66262],[-109.69937,23.79899],[-109.83807,23.93367],[-109.82701,24.06068],[-109.98434,24.04374],[-110.00819,24.15944],[-110.23421,24.34409],[-110.33278,24.32905],[-110.29961,24.2006],[-110.36109,24.10911],[-110.41735,24.10928],[-110.43776,24.17714],[-110.32712,24.17693],[-110.61232,24.2565],[-110.73822,24.55272],[-110.65738,24.80714],[-110.68547,24.88441],[-110.90763,25.14578],[-111.01678,25.51495],[-111.12151,25.52817],[-111.22394,25.72514],[-111.30661,25.77403],[-111.3588,25.9592],[-111.32414,26.09997],[-111.38688,26.32205],[-111.46992,26.41452],[-111.44268,26.51804],[-111.56557,26.55841],[-111.56202,26.69727],[-111.81714,26.8968],[-111.85304,26.87439],[-111.81587,26.7178],[-111.67744,26.58879],[-111.73374,26.53993],[-111.7818,26.56772],[-111.90956,26.72014],[-111.87377,26.83245],[-111.98267,26.88889],[-112.01457,26.97351],[-111.95346,27.09639],[-112.21327,27.2046],[-112.36049,27.55331],[-112.70157,27.75178],[-112.77138,27.86199],[-112.76493,28.0],[-114.08668,28.0],[-114.09718,28.0]]]]}},{"type":"Feature","properties":{"name":"Campeche","code":"MX-CAM","source":"MEX"},"geometry":{"type":"MultiPolygon","coordinates":[[[[-91.55007,18.28726],[-91.54893,18.28872],[-91.55216,18.29038],[-91.55007,18.28726]]],[[[-91.51711,18.32],[-91.51775,18.32114],[-91.52669,18.31965],[-91.51711,18.32]]],[[[-91.52029,18.32183],[-91.51997,18.3247],[-91.52168,18.32478],[-91.52029,18.32183]]],[[[-91.79321,18.41829],[-91.79653,18.41825],[-91.79461,18.41349],[-91.79321,18.41829]]],[[[-91.48767,18.41946],[-91.48764,18.42338],[-91.48525,18.42569],[-91.48767,18.41946]]],[[[-91.46595,18.44591],[-91.46561,18.45162],[-91.46684,18.45343],[-91.46595,18.44591]]],[[[-91.47532,18.45062],[-91.47571,18.45379],[-91.47797,18.45564],[-91.47532,18.45062]]],[[[-91.49869,18.45814],[-91.49748,18.46023],[-91.50075,18.45938],[-91.49869,18.45814]]],[[[-91.4865,18.47154],[-91.48548,18.47289],[-91.48715,18.47223],[-91.4865,18.47154]]],[[[-91.78269,18.4765],[-91.78539,18.47588],[-91.78319,18.47322],[-91.78269,18.4765]]],[[[-91.79652,18.4876],[-91.79965,18.48757],[-91.79918,18.47893],[-91.79652,18.4876]]],[[[-91.77553,18.48796],[-91.78153,18.48875],[-91.78915,18.49248],[-91.77553,18.48796]]],[[[-91.7908,18.49361],[-91.78965,18.4955],[-91.7921,18.49379],[-91.7908,18.49361]]],[[[-91.9755,18.51313],[-91.97508,18.51562],[-91.97951,18.51439],[-91.9755,18.51313]]],[[[-91.78159,18.52632],[-91.78314,18.52519],[-91.78242,18.52429],[-91.78159,18.52632]]],[[[-91.85314,18.5274],[-91.8525,18.52922],[-91.85409,18.52729],[-91.85314,18.5274]]],[[[-91.79215,18.53048],[-91.79417,18.52969],[-91.79179,18.52882],[-91.79215,18.53048]]],[[[-91.96876,18.52973],[-91.97677,18.53096],[-91.9845,18.53431],[-91.96876,18.52973]]],[[[-92.02393,18.53074],[-92.02135,18.53383],[-92.0237,18.53577],[-92.02393,18.53074]]],[[[-91.25362,18.53792],[-91.25337,18.5395],[-91.25607,18.54216],[-91.25362,18.53792]]],[[[-91.86367,18.54697],[-91.86405,18.5494],[-91.86534,18.5479],[-91.86367,18.54697]]],[[[-91.25257,18.55537],[-91.25318,18.55817],[-91.25487,18.55822],[-91.25257,18.55537]]],[[[-91.25152,18.558],[-91.25062,18.56032],[-91.25225,18.55955],[-91.25152,18.558]]],[[[-91.94918,18.56539],[-91.89951,18.54483],[-91.94232,18.56467],[-91.94918,18.56539]]],[[[-92.0546,18.58077],[-92.05472,18.58224],[-92.0592,18.58395],[-92.0546,18.58077]]],[[[-91.95774,18.58356],[-91.95701,18.58581],[-91.95995,18.58538],[-91.95774,18.58356]]],[[[-91.95402,18.58715],[-91.95377,18.58843],[-91.95585,18.58942],[-91.95402,18.58715]]],[[[-92.05742,18.5847],[-92.05544,18.58527],[-92.05468,18.588],[-92.05742,18.5847]]],[[[-91.95752,18.59515],[-91.95926,18.59501],[-91.95879,18.59275],[-91.95752,18.59515]]],[[[-91.29457,18.61803],[-91.29264,18.62124],[-91.29463,18.62107],[-91.29457,18.61803]]],[[[-91.28805,18.62294],[-91.29,18.62476],[-91.29217,18.62132],[-91.28805,18.62294]]],[[[-91.71339,18.65465],[-91.71213,18.65775],[-91.71466,18.65461],[-91.71339,18.65465]]],[[[-91.68547,18.67717],[-91.72037,18.64306],[-91.68479,18.67287],[-91.68547,18.67717]]],[[[-91.65493,18.69037],[-91.65957,18.69214],[-91.66316,18.68772],[-91.65493,18.69037]]],[[[-91.59687,18.71766],[-91.68183,18.67573],[-91.59456,18.71839],[-91.59687,18.71766]]],[[[-91.4532,18.72828],[-91.45437,18.73074],[-91.46314,18.73539],[-91.4532,18.72828]]],[[[-91.50404,18.736],[-91.50328,18.73851],[-91.5074,18.73444],[-91.50404,18.736]]],[[[-91.48946,18.75012],[-91.49369,18.75314],[-91.49444,18.74883],[-91.48946,18.75012]]],[[[-91.50213,18.75456],[-91.50769,18.75395],[-91.50829,18.74969],[-91.50213,18.75456]]],[[[-91.4859,18.74817],[-91.48536,18.75729],[-91.4902,18.75753],[-91.4859,18.74817]]],[[[-91.43698,18.75323],[-91.43803,18.75585],[-91.44991,18.76178],[-91.43698,18.75323]]],[[[-91.42534,18.75653],[-91.4268,18.7606],[-91.42867,18.76135],[-91.42534,18.75653]]],[[[-91.52617,18.76137],[-91.56115,18.71918],[-91.51884,18.75894],[-91.52617,18.76137]]],[[[-91.45758,18.76504],[-91.45782,18.76414],[-91.44845,18.76385],[-91.45758,18.76504]]],[[[-91.451,18.74925],[-91.44997,18.74998],[-91.45623,18.75988],[-91.451,18.74925]]],[[[-91.46515,18.75156],[-91.46635,18.75793],[-91.47289,18.76582],[-91.46515,18.75156]]],[[[-91.42221,18.76175],[-91.42911,18.76647],[-91.43157,18.76516],[-91.42221,18.76175]]],[[[-91.46564,18.76475],[-91.46877,18.76858],[-91.4714,18.76863],[-91.46564,18.76475]]],[[[-91.43117,18.77404],[-91.42941,18.7747],[-91.43278,18.77518],[-91.43117,18.77404]]],[[[-91.41789,18.77429],[-91.4166,18.77602],[-91.42418,18.77362],[-91.41789,18.77429]]],[[[-91.46037,18.77583],[-91.46534,18.77822],[-91.46243,18.77562],[-91.46037,18.77583]]],[[[-91.46054,18.77164],[-91.41595,18.76627],[-91.45132,18.76957],[-91.46054,18.77164]]],[[[-91.42392,18.776],[-91.41688,18.77911],[-91.41878,18.77992],[-91.42392,18.776]]],[[[-91.53033,18.78032],[-91.85092,18.64935],[-91.76775,18.63798],[-91.52976,18.774],[-91.53033,18.78032]]],[[[-91.42413,18.78014],[-91.42316,18.78138],[-91.4256,18.7809],[-91.42413,18.78014]]],[[[-91.42087,18.78615],[-91.41299,18.78764],[-91.41218,18.79347],[-91.42087,18.78615]]],[[[-91.43909,18.78864],[-91.43453,18.79392],[-91.44917,18.79443],[-91.43909,18.78864]]],[[[-91.43923,18.82944],[-91.46059,18.79286],[-91.4334,18.82744],[-91.43923,18.82944]]],[[[-91.42313,18.83587],[-91.42505,18.83894],[-91.42671,18.83851],[-91.42313,18.83587]]],[[[-91.41532,18.85558],[-91.41841,18.85486],[-91.42129,18.85141],[-91.41532,18.85558]]],[[[-91.38409,18.86003],[-91.4248,18.83969],[-91.38652,18.85691],[-91.38409,18.86003]]],[[[-91.37906,18.87058],[-91.38957,18.86839],[-91.39572,18.86977],[-91.37906,18.87058]]],[[[-91.37417,18.86704],[-91.37143,18.87117],[-91.37891,18.86678],[-91.37417,18.86704]]],[[[-91.3874,18.8716],[-91.39395,18.87444],[-91.3928,18.8709],[-91.3874,18.8716]]],[[[-91.36828,18.88589],[-91.36986,18.88696],[-91.37234,18.88412],[-91.36828,18.88589]]],[[[-91.34694,18.89399],[-91.34096,18.89837],[-91.32547,18.90554],[-91.34694,18.89399]]],[[[-90.48057,20.20667],[-90.48155,20.20968],[-90.48419,20.21174],[-90.48057,20.20667]]],[[[-90.49711,20.34253],[-90.49685,20.34424],[-90.49879,20.34411],[-90.49711,20.34253]]],[[[-90.46129,20.63847],[-90.46108,20.64897],[-90.46274,20.6499],[-90.46129,20.63847]]],[[[-90.47014,20.62394],[-90.46587,20.64556],[-90.46994,20.65261],[-90.47014,20.62394]]],[[[-90.46219,20.65138],[-90.46158,20.65552],[-90.46601,20.65837],[-90.46219,20.65138]]],[[[-90.45309,20.67792],[-90.45466,20.68097],[-90.45368,20.68423],[-90.45309,20.67792]]],[[[-90.40435,20.84671],[-90.41457,20.77581],[-90.39985,20.84529],[-90.40435,20.84671]]],[[[-89.29656,19.55117],[-89.47722,19.71105],[-89.5875,19.87442],[-89.5987,19.9982],[-89.74847,20.17927],[-89.79397,20.13617],[-89.87566,20.2531],[-89.83796,20.28718],[-90.00417,20.48702],[-90.06721,20.42523],[-90.1863,20.43693],[-90.22924,20.54356],[-90.38665,20.55559],[-90.38136,20.84803],[-90.5024,20.49595],[-90.4473,19.95947],[-90.70673,19.67583],[-90.70501,19.36333],[-91.49793,18.79039],[-91.09973,19.0324],[-91.36252,18.87755],[-91.31318,18.87659],[-91.39192,18.80544],[-91.22163,18.7511],[-91.28763,18.62467],[-91.16323,18.59044],[-91.23763,18.62121],[-91.30047,18.4596],[-91.24951,18.61702],[-91.50496,18.48609],[-91.52244,18.44901],[-91.4733,18.49551],[-91.45627,18.43714],[-91.49168,18.32481],[-91.5541,18.31389],[-91.51713,18.20336],[-91.56168,18.31242],[-91.51044,18.32377],[-91.49236,18.46566],[-91.77828,18.48515],[-91.6897,18.33722],[-91.83154,18.42118],[-91.83154,18.26924],[-91.85424,18.37775],[-91.7925,18.41916],[-91.83819,18.41854],[-91.79324,18.49402],[-91.85891,18.52762],[-91.94613,18.53004],[-91.97603,18.46826],[-92.01051,18.53705],[-92.06625,18.50842],[-92.01338,18.56068],[-92.07245,18.54516],[-92.07635,18.58924],[-92.29937,18.49567],[-92.19502,18.60905],[-92.03355,18.61244],[-92.01066,18.55407],[-91.93507,18.61631],[-91.88204,18.56274],[-91.85549,18.61138],[-91.95686,18.69743],[-92.4017,18.66359],[-92.46437,18.61721],[-92.35424,18.44285],[-92.17615,18.45823],[-92.12249,18.10275],[-92.07945,18.08791],[-92.13641,18.18049],[-92.11091,18.25685],[-92.04841,18.22695],[-91.99453,18.27052],[-92.0486,18.22592],[-92.11073,18.25516],[-92.10769,18.11539],[-91.63881,17.87395],[-91.6095,18.09844],[-91.50934,18.17105],[-91.50404,18.11646],[-91.21746,17.97499],[-90.98795,17.96255],[-90.98764,17.81547],[-89.15222,17.81561],[-89.15217,17.95361],[-89.20741,17.99265],[-89.14475,18.0577],[-89.20024,18.14463],[-89.14307,18.14582],[-89.12123,18.38585],[-89.14667,19.42386],[-89.29656,19.55117]]]]}},{"type":"Feature","properties":{"name":"Chiapas","code":"MX-CHP","source":"MEX"},"geometry":{"type":"MultiPolygon","coordinates":[[[[-92.77034,15.15128],[-92.76772,15.15379],[-92.77072,15.15526],[-92.77034,15.15128]]],[[[-92.77347,15.15411],[-92.7724,15.15579],[-92.77409,15.15589],[-92.77347,15.15411]]],[[[-92.85559,15.17173],[-92.85368,15.17261],[-92.85694,15.17396],[-92.85559,15.17173]]],[[[-92.85694,15.17103],[-92.85885,15.17397],[-92.86048,15.1738],[-92.85694,15.17103]]],[[[-92.81077,15.18702],[-92.81609,15.18872],[-92.82363,15.18242],[-92.81077,15.18702]]],[[[-93.32283,15.58426],[-93.41572,15.65749],[-93.32143,15.58268],[-93.32283,15.58426]]],[[[-93.42395,17.06665],[-93.42736,17.06845],[-93.42842,17.06845],[-93.42395,17.06665]]],[[[-93.46456,17.07588],[-93.46551,17.07746],[-93.46737,17.07542],[-93.46456,17.07588]]],[[[-93.4763,17.10032],[-93.48148,17.10438],[-93.4803,17.10042],[-93.4763,17.10032]]],[[[-93.8102,17.11472],[-93.81297,17.11814],[-93.81236,17.11527],[-93.8102,17.11472]]],[[[-93.55628,17.11986],[-93.55682,17.12156],[-93.55965,17.12217],[-93.55628,17.11986]]],[[[-93.45763,17.12079],[-93.45782,17.12226],[-93.4604,17.12061],[-93.45763,17.12079]]],[[[-93.5158,17.11958],[-93.52016,17.12315],[-93.51855,17.1198],[-93.5158,17.11958]]],[[[-93.55125,17.1266],[-93.55254,17.12745],[-93.55418,17.12557],[-93.55125,17.1266]]],[[[-93.82475,17.12808],[-93.82874,17.13077],[-93.82737,17.12744],[-93.82475,17.12808]]],[[[-93.56003,17.13268],[-93.56138,17.13211],[-93.56178,17.12911],[-93.56003,17.13268]]],[[[-93.49921,17.13153],[-93.50052,17.13447],[-93.49929,17.13606],[-93.49921,17.13153]]],[[[-93.59315,17.14461],[-93.59609,17.14659],[-93.59756,17.14601],[-93.59315,17.14461]]],[[[-93.79726,17.14733],[-93.79844,17.14891],[-93.79819,17.14654],[-93.79726,17.14733]]],[[[-93.5419,17.15259],[-93.54543,17.15258],[-93.54636,17.15122],[-93.5419,17.15259]]],[[[-93.64426,17.15897],[-93.6459,17.15738],[-93.64599,17.14988],[-93.64426,17.15897]]],[[[-93.7274,17.16409],[-93.73021,17.16126],[-93.72622,17.16115],[-93.7274,17.16409]]],[[[-93.62132,17.16984],[-93.62331,17.16814],[-93.62119,17.16515],[-93.62132,17.16984]]],[[[-93.67638,17.176],[-93.67834,17.1772],[-93.67826,17.17599],[-93.67638,17.176]]],[[[-93.45581,17.44828],[-93.4593,17.45014],[-93.46273,17.44937],[-93.45581,17.44828]]],[[[-93.27653,17.98249],[-93.3409,17.93033],[-93.34914,17.76709],[-93.39055,17.7734],[-93.35628,17.64804],[-93.49553,17.50611],[-93.38323,17.36246],[-93.41372,17.32029],[-93.5398,17.3645],[-93.52617,17.24076],[-93.61153,17.16122],[-93.52594,17.13852],[-93.50448,17.18418],[-93.46676,17.11023],[-93.43686,17.15618],[-93.46618,17.10097],[-93.4126,17.1001],[-93.45577,17.07011],[-93.39209,17.02294],[-93.22037,17.03012],[-93.39558,17.01012],[-93.50617,17.11669],[-93.57519,17.09247],[-93.63246,17.1433],[-93.6148,17.09129],[-93.71734,17.17006],[-93.81222,17.07924],[-93.76439,16.98403],[-93.86014,17.09725],[-93.76195,17.17284],[-93.7785,17.21622],[-93.59712,17.17754],[-93.52852,17.2412],[-93.54001,17.36788],[-93.4089,17.33167],[-93.4892,17.53806],[-93.66269,17.25628],[-93.80145,17.24038],[-93.87012,17.14665],[-94.13916,16.46179],[-94.03296,16.27594],[-94.10288,16.14314],[-93.89976,16.08483],[-93.85894,15.99544],[-93.9419,15.98475],[-93.52237,15.75215],[-93.48138,15.71513],[-93.68544,15.85676],[-92.86228,15.16397],[-92.91684,15.22061],[-92.76866,15.17779],[-92.85147,15.16487],[-92.73898,15.04272],[-92.85702,15.15903],[-92.221,14.53554],[-92.14597,14.66261],[-92.18483,14.82826],[-92.15077,14.98692],[-92.07027,15.05593],[-92.2106,15.26142],[-91.73138,16.07402],[-90.44204,16.07426],[-90.45636,16.24743],[-90.37167,16.36825],[-90.48213,16.46128],[-90.63368,16.47999],[-90.62637,16.57755],[-90.71556,16.72795],[-90.92287,16.81992],[-90.96755,16.90083],[-90.98852,16.86138],[-91.06718,16.90125],[-91.26751,17.10827],[-91.26624,17.16982],[-91.42877,17.21855],[-91.38366,17.31118],[-91.41983,17.37407],[-91.70014,17.46752],[-91.63429,17.53462],[-91.65474,17.67616],[-91.83066,17.73768],[-91.78225,17.78248],[-91.81252,17.90037],[-91.94841,17.86331],[-91.99989,17.94334],[-92.00336,17.89052],[-92.14658,17.81468],[-92.13083,17.76608],[-92.1945,17.77664],[-92.27462,17.69226],[-92.33735,17.71209],[-92.35067,17.61793],[-92.57141,17.54961],[-92.75418,17.3433],[-92.78579,17.41753],[-92.85426,17.4112],[-92.83155,17.48086],[-92.94812,17.48274],[-93.04053,17.60983],[-93.02544,17.82542],[-93.11564,17.82221],[-93.09138,17.89756],[-93.27272,17.98134],[-93.27653,17.98249]]]]}},{"type":"Feature","properties":{"name":"Chihuahua","code":"MX-CHH","source":"MEX"},"geometry":{"type":"Polygon","coordinates":[[[-103.30764,29.00323],[-103.55405,29.1585],[-103.71858,29.18093],[-103.78332,29.26552],[-104.03789,29.31991],[-104.20913,29.48139],[-104.50858,29.63278],[-104.68385,29.92913],[-104.70679,30.23418],[-104.85916,30.3904],[-104.92243,30.60342],[-105.21554,30.80578],[-105.40119,30.85319],[-105.95409,31.36453],[-106.20813,31.46758],[-106.41703,31.75143],[-108.20837,31.78375],[-108.20847,31.33336],[-108.75592,31.33242],[-108.81723,31.23901],[-108.90629,31.21334],[-108.80502,31.19296],[-108.84564,31.13558],[-108.68381,31.00597],[-108.80326,31.00483],[-108.80239,30.9041],[-108.93924,30.90757],[-108.9483,30.73691],[-108.86693,30.68939],[-108.87647,30.62457],[-108.67779,30.55707],[-108.66477,30.46815],[-108.60384,30.46511],[-108.64865,30.41686],[-108.62206,30.34032],[-108.5422,30.28351],[-108.62022,30.29823],[-108.63572,29.82968],[-108.53496,29.75136],[-108.6591,29.71613],[-108.62516,29.50103],[-108.71775,29.46595],[-108.66973,29.30742],[-108.76189,29.25388],[-108.69853,29.12774],[-108.7098,28.88952],[-108.58379,28.74014],[-108.4797,28.36955],[-108.79166,28.25362],[-109.0687,28.28614],[-109.0319,28.01829],[-108.86914,27.83929],[-108.89552,27.74481],[-108.78449,27.73047],[-108.73985,27.59995],[-108.65528,27.5438],[-108.59105,27.31808],[-108.66258,27.21954],[-108.60228,27.03694],[-108.50249,26.98736],[-108.47997,27.03959],[-108.19507,27.0327],[-108.23024,26.90572],[-108.1431,26.90788],[-108.0057,26.76105],[-108.0816,26.64199],[-107.96102,26.52696],[-108.0128,26.43905],[-107.85402,26.19652],[-107.78069,26.13694],[-107.58203,26.17064],[-107.52002,26.10423],[-107.43104,26.14286],[-107.34653,26.10952],[-107.27635,26.00198],[-107.29613,25.92479],[-107.04313,25.6977],[-106.96532,25.69788],[-106.99432,25.66223],[-106.89378,25.64429],[-106.87376,25.57186],[-106.70797,25.60245],[-106.65283,25.55884],[-106.46362,25.72904],[-106.55597,25.69171],[-106.54731,25.95242],[-106.45582,25.97258],[-106.43278,26.20401],[-106.28704,26.33508],[-106.24203,26.46682],[-106.28014,26.53207],[-106.20792,26.67806],[-106.13067,26.7022],[-106.17763,26.77234],[-106.10064,26.75933],[-106.04734,26.84488],[-105.77581,26.66093],[-105.74634,26.71387],[-105.67488,26.61767],[-105.60101,26.61485],[-105.61949,26.68351],[-105.47151,26.5087],[-105.36862,26.53427],[-105.35277,26.47888],[-105.26468,26.46207],[-105.10155,26.52141],[-105.05663,26.4193],[-104.80927,26.5085],[-104.57445,26.34047],[-104.43478,26.60452],[-104.28654,26.7254],[-104.31531,26.79907],[-104.27304,26.84228],[-104.22781,26.77715],[-103.69909,26.72526],[-103.8517,26.89613],[-103.74083,27.02252],[-103.87688,27.31159],[-103.8546,27.54943],[-103.95497,27.95082],[-103.89289,27.91402],[-103.87772,27.95749],[-103.92669,27.97136],[-103.59637,28.63947],[-103.5573,28.61128],[-103.3577,28.92025],[-103.30764,29.00323]]]}},{"type":"Feature","properties":{"name":"Coahuila de Zaragoza","code":"MX-COA","source":"MEX"},"geometry":{"type":"Polygon","coordinates":[[[-103.69909,26.72526],[-103.37418,26.60235],[-103.26083,26.28473],[-103.35049,26.14239],[-103.33944,25.7076],[-103.49441,25.53773],[-103.33692,25.37123],[-103.46227,25.37619],[-103.51071,25.27913],[-103.09295,24.82286],[-102.8564,24.73977],[-102.66969,25.06664],[-102.44676,24.99952],[-102.46333,25.11592],[-102.23762,25.11846],[-101.84881,25.01762],[-101.77346,24.87554],[-101.60126,24.83556],[-101.62227,24.75898],[-101.46164,24.73676],[-101.34214,24.81335],[-101.20173,24.76549],[-101.0805,24.59119],[-100.81042,24.55159],[-100.82613,24.835],[-100.7275,24.91872],[-100.82151,24.99671],[-100.80313,25.16526],[-100.59569,25.25476],[-100.33201,25.18629],[-100.22958,25.21792],[-100.31302,25.33637],[-100.4701,25.33779],[-100.45188,25.41081],[-100.61909,25.50569],[-100.53844,25.53185],[-100.78342,25.63968],[-100.8619,25.81848],[-100.83442,25.94504],[-100.90553,25.95695],[-100.91642,26.07561],[-101.20676,26.36978],[-100.75304,26.73521],[-100.69123,26.61379],[-100.53816,26.80856],[-100.534,27.04558],[-100.68272,27.11139],[-100.79944,27.04583],[-100.83412,27.19517],[-100.67801,27.3348],[-100.4177,27.39363],[-100.35061,27.6846],[-100.18843,27.79914],[-99.99884,27.61528],[-99.84437,27.77844],[-99.93149,27.9803],[-100.29362,28.27876],[-100.3684,28.47667],[-100.33387,28.49928],[-100.50018,28.66167],[-100.53513,28.80471],[-100.64091,28.91462],[-100.67493,29.1007],[-101.0601,29.45852],[-101.2586,29.52244],[-101.24793,29.61947],[-101.30503,29.57727],[-101.30163,29.6485],[-101.36071,29.64869],[-101.40263,29.7713],[-101.53665,29.75812],[-101.54412,29.81149],[-101.64386,29.75407],[-101.81726,29.81145],[-102.07268,29.78663],[-102.32141,29.87866],[-102.38794,29.76111],[-102.674,29.74457],[-102.80832,29.52264],[-102.81202,29.40004],[-102.88355,29.34785],[-102.86779,29.22312],[-102.99432,29.17993],[-103.1161,28.98418],[-103.30764,29.00323],[-103.51451,28.665],[-103.5573,28.61128],[-103.59637,28.63947],[-103.92669,27.97136],[-103.87772,27.95749],[-103.89289,27.91402],[-103.95497,27.95082],[-103.8546,27.54943],[-103.87688,27.31159],[-103.74083,27.02252],[-103.8517,26.89613],[-103.70164,26.73078],[-103.69909,26.72526]]]}},{"type":"Feature","properties":{"name":"Colima","code":"MX-COL","source":"MEX"},"geometry":{"type":"MultiPolygon","coordinates":[[[[-114.7265,18.36037],[-114.75933,18.34466],[-114.70517,18.36059],[-114.7265,18.36037]]],[[[-110.9876,18.85778],[-111.05648,18.77691],[-110.95217,18.71601],[-110.91445,18.77465],[-110.98696,18.85624],[-110.9876,18.85778]]],[[[-104.48618,19.10478],[-104.48881,19.10406],[-104.48708,19.10015],[-104.48618,19.10478]]],[[[-110.80914,19.31647],[-110.80989,19.31971],[-110.81353,19.32074],[-110.80914,19.31647]]],[[[-103.48859,18.96489],[-103.52648,19.07873],[-103.48643,19.33789],[-103.61828,19.51252],[-103.81925,19.40874],[-104.06173,19.4977],[-104.12298,19.31904],[-104.40095,19.28907],[-104.47167,19.22884],[-104.53029,19.25979],[-104.58984,19.1501],[-104.69023,19.17654],[-104.44172,19.08326],[-104.35695,19.11613],[-104.2902,19.07561],[-104.33206,19.01762],[-103.96994,18.86341],[-103.93614,18.95749],[-103.96867,18.86207],[-103.73882,18.68461],[-103.62003,18.80138],[-103.63028,18.88532],[-103.57324,18.87133],[-103.49048,18.95899],[-103.48859,18.96489]]]]}},{"type":"Feature","properties":{"name":"Distrito Federal","code":"MX-MEX","source":"MEX"},"geometry":{"type":"Polygon","coordinates":[[[-98.979,19.07446],[-98.9579,19.32323],[-99.05814,19.40069],[-99.12371,19.59276],[-99.36492,19.27777],[-99.22678,19.09606],[-99.0598,19.04824],[-98.98359,19.07876],[-98.979,19.07446]]]}},{"type":"Feature","properties":{"name":"Durango","code":"MX-DUR","source":"MEX"},"geometry":{"type":"Polygon","coordinates":[[[-106.99432,25.66223],[-106.97329,25.62957],[-107.17388,25.55655],[-107.13929,25.48956],[-107.21013,25.4171],[-107.17155,25.32636],[-107.20782,25.33156],[-107.12106,25.24311],[-107.12989,25.05314],[-107.06357,25.02526],[-107.02105,24.90991],[-106.93451,24.88054],[-106.93066,24.82092],[-106.86585,24.82296],[-106.70595,24.66526],[-106.63007,24.5065],[-106.56002,24.47271],[-106.60159,24.41457],[-106.51709,24.28698],[-106.36754,24.30194],[-106.26887,24.37476],[-106.07584,24.27139],[-105.99872,24.04338],[-105.91214,23.99753],[-105.94542,23.94803],[-105.85759,23.8993],[-105.95366,23.90858],[-105.90891,23.58827],[-105.89266,23.55265],[-105.81164,23.61103],[-105.7693,23.55647],[-105.70029,23.42017],[-105.73069,23.3749],[-105.63032,23.23558],[-105.64399,23.14177],[-105.41589,23.1169],[-105.32357,22.94133],[-105.00314,22.97698],[-104.98841,22.83605],[-104.91839,22.81978],[-104.89272,22.73741],[-105.06842,22.67841],[-104.98791,22.49873],[-104.8584,22.64833],[-104.78863,22.64788],[-104.50651,22.34516],[-104.29903,22.4617],[-104.32582,22.5374],[-104.26141,22.5862],[-104.28833,22.66353],[-104.22742,22.77663],[-104.08048,22.76662],[-104.16659,22.94522],[-104.17213,23.12841],[-104.06598,23.46349],[-103.87743,23.62897],[-103.79354,23.63086],[-103.7851,23.67656],[-103.85108,23.6796],[-103.81836,23.96491],[-103.87239,24.00702],[-103.66036,24.14933],[-103.62201,24.11746],[-103.55954,24.19379],[-103.56835,24.28637],[-103.44834,24.3326],[-103.41933,24.43049],[-103.09853,24.40163],[-103.04315,24.4665],[-102.89189,24.46112],[-102.83174,24.38469],[-102.6999,24.37397],[-102.4727,24.43968],[-102.56624,24.90222],[-102.67306,24.94275],[-102.62888,25.00832],[-102.66969,25.06664],[-102.86934,24.74197],[-103.09295,24.82286],[-103.51071,25.27913],[-103.46227,25.37619],[-103.33692,25.37123],[-103.49441,25.53773],[-103.33944,25.7076],[-103.35049,26.14239],[-103.26083,26.28473],[-103.37418,26.60235],[-103.65826,26.71948],[-104.22781,26.77715],[-104.27304,26.84228],[-104.31531,26.79907],[-104.28654,26.7254],[-104.43478,26.60452],[-104.57445,26.34047],[-104.80927,26.5085],[-105.05663,26.4193],[-105.10155,26.52141],[-105.26468,26.46207],[-105.35277,26.47888],[-105.36862,26.53427],[-105.47151,26.5087],[-105.61949,26.68351],[-105.60101,26.61485],[-105.67488,26.61767],[-105.74634,26.71387],[-105.77581,26.66093],[-106.04734,26.84488],[-106.10064,26.75933],[-106.17763,26.77234],[-106.13067,26.7022],[-106.20792,26.67806],[-106.28014,26.53207],[-106.24203,26.46682],[-106.28704,26.33508],[-106.43278,26.20401],[-106.45582,25.97258],[-106.54731,25.95242],[-106.55597,25.69171],[-106.46362,25.72904],[-106.65283,25.55884],[-106.70797,25.60245],[-106.87376,25.57186],[-106.92239,25.64608],[-106.99432,25.66223]]]}},{"type":"Feature","properties":{"name":"Guanajuato","code":"MX-GUA","source":"MEX"},"geometry":{"type":"Polygon","coordinates":[[[-99.77735,21.49502],[-99.94233,21.44962],[-99.95682,21.52623],[-100.06228,21.52331],[-100.17963,21.65079],[-100.35137,21.69167],[-100.44734,21.67492],[-100.46108,21.54533],[-100.61496,21.50579],[-100.85768,21.61899],[-100.83432,21.66456],[-100.98197,21.75353],[-101.16127,21.75751],[-101.36527,21.83942],[-101.58569,21.77878],[-101.58019,21.62553],[-101.64127,21.52665],[-101.57042,21.41854],[-101.67758,21.39514],[-101.64318,21.29934],[-101.75972,21.26762],[-101.93895,20.93061],[-102.07987,20.82907],[-102.09591,20.78005],[-101.95114,20.60743],[-102.09625,20.38413],[-101.94529,20.34267],[-101.93987,20.22708],[-101.88811,20.18839],[-101.83387,20.22479],[-101.69793,20.18967],[-101.62465,20.31458],[-101.46491,20.32901],[-101.45593,20.26717],[-101.35262,20.23493],[-101.41989,20.20159],[-101.40168,20.03501],[-101.20306,20.00722],[-101.17524,20.09712],[-101.13315,20.05998],[-101.0429,20.09195],[-100.96441,19.92827],[-100.83576,19.9346],[-100.8243,19.97833],[-100.74875,19.91275],[-100.57671,19.99306],[-100.51995,19.91882],[-100.46582,19.9874],[-100.36293,19.98986],[-100.39726,20.09695],[-100.32576,20.26102],[-100.47618,20.38961],[-100.49618,20.61619],[-100.59654,20.71726],[-100.54891,20.73638],[-100.57759,20.81667],[-100.47223,20.92845],[-100.4134,20.88743],[-100.33359,20.89073],[-100.26362,20.971],[-100.06417,20.93629],[-99.98637,21.21831],[-99.83126,21.15732],[-99.68785,21.22578],[-99.6713,21.30119],[-99.78779,21.32962],[-99.77407,21.49178],[-99.77735,21.49502]]]}},{"type":"Feature","properties":{"name":"Guerrero","code":"MX-GRO","source":"MEX"},"geometry":{"type":"MultiPolygon","coordinates":[[[[-98.69592,16.52357],[-98.69943,16.52471],[-98.7061,16.52359],[-98.69592,16.52357]]],[[[-98.6083,16.53675],[-98.60743,16.53867],[-98.61189,16.53751],[-98.6083,16.53675]]],[[[-98.64471,16.5377],[-98.64756,16.53931],[-98.65067,16.53811],[-98.64471,16.5377]]],[[[-98.63291,16.53895],[-98.63156,16.54123],[-98.63484,16.53927],[-98.63291,16.53895]]],[[[-98.59714,16.54526],[-98.59561,16.54715],[-98.59821,16.54497],[-98.59714,16.54526]]],[[[-98.49396,16.60628],[-98.49932,16.60057],[-98.49846,16.59357],[-98.49396,16.60628]]],[[[-99.10712,16.6042],[-99.10679,16.60767],[-99.10817,16.60478],[-99.10712,16.6042]]],[[[-99.11587,16.60596],[-99.11606,16.60949],[-99.11726,16.60976],[-99.11587,16.60596]]],[[[-99.606,16.68421],[-99.60439,16.68511],[-99.60702,16.68409],[-99.606,16.68421]]],[[[-99.60744,16.69759],[-99.60797,16.69242],[-99.6063,16.68979],[-99.60744,16.69759]]],[[[-99.60486,16.70719],[-99.60242,16.71058],[-99.60453,16.71499],[-99.60486,16.70719]]],[[[-99.9085,16.82495],[-99.91151,16.82465],[-99.91199,16.82251],[-99.9085,16.82495]]],[[[-101.65811,17.67831],[-101.65929,17.67996],[-101.66147,17.67735],[-101.65811,17.67831]]],[[[-102.13949,17.95475],[-102.14305,17.95338],[-102.14298,17.95034],[-102.13949,17.95475]]],[[[-99.49441,18.72054],[-99.63091,18.72055],[-99.69722,18.78634],[-99.67197,18.7135],[-99.73703,18.73983],[-99.793,18.63066],[-99.96167,18.55298],[-100.08241,18.58795],[-100.08995,18.52216],[-100.30338,18.36694],[-100.48703,18.64035],[-100.43063,18.78325],[-100.61067,18.88727],[-100.69607,18.79413],[-100.76394,18.86687],[-100.7649,18.56121],[-100.58823,18.41215],[-100.643,18.34616],[-100.79818,18.48054],[-100.95744,18.44443],[-101.012,18.52754],[-101.28208,18.54473],[-101.50744,18.4868],[-101.6245,18.59915],[-101.76232,18.60584],[-101.88226,18.53423],[-101.86325,18.26166],[-102.14246,18.18706],[-102.17999,18.00069],[-102.13638,17.94307],[-102.03941,17.98871],[-101.85818,17.92158],[-101.64853,17.66448],[-101.20357,17.42705],[-101.06149,17.2663],[-99.98855,16.90882],[-99.67298,16.70161],[-99.60733,16.68506],[-99.59454,16.79737],[-99.65245,16.86559],[-99.61089,16.87782],[-99.61348,17.00074],[-99.6102,16.87752],[-99.65111,16.86179],[-99.59374,16.7979],[-99.60271,16.6839],[-99.12049,16.6032],[-99.13692,16.64127],[-99.06897,16.63778],[-99.04988,16.59822],[-99.11615,16.60219],[-98.90638,16.53452],[-98.77297,16.55494],[-98.72858,16.50299],[-98.48889,16.57687],[-98.50315,16.65863],[-98.43948,16.57073],[-98.31239,16.70169],[-98.44053,16.56892],[-98.72814,16.50151],[-98.55263,16.31595],[-98.39916,16.38051],[-98.34994,16.44445],[-98.39514,16.54684],[-98.20336,16.58718],[-98.24344,16.6967],[-98.10816,16.76095],[-98.07233,16.87425],[-98.11126,16.95887],[-98.00728,17.04014],[-98.2226,17.12215],[-98.20314,17.21629],[-98.3235,17.27594],[-98.28737,17.32901],[-98.32945,17.53298],[-98.48966,17.70344],[-98.42509,17.97693],[-98.52672,17.99629],[-98.65054,17.93316],[-98.81494,18.0017],[-98.7351,18.0451],[-98.86981,18.05722],[-98.88188,18.16616],[-99.06371,18.25148],[-99.0663,18.36778],[-99.14109,18.47524],[-99.17791,18.42475],[-99.3574,18.46767],[-99.48454,18.69944],[-99.49441,18.72054]]]]}},{"type":"Feature","properties":{"name":"Hidalgo","code":"MX-HID","source":"MEX"},"geometry":{"type":"Polygon","coordinates":[[[-97.98504,20.51704],[-98.0749,20.67655],[-98.32101,20.41801],[-98.46039,20.33145],[-98.54885,20.36008],[-98.59729,20.49577],[-98.48018,20.589],[-98.42145,20.74428],[-98.55018,20.68939],[-98.44973,20.75135],[-98.40291,20.85838],[-98.34515,20.86485],[-98.32852,20.7841],[-98.23365,20.79756],[-98.2655,20.86654],[-98.14741,21.07658],[-98.21682,21.15147],[-98.29451,21.14719],[-98.27913,21.19275],[-98.41644,21.15498],[-98.46836,21.24965],[-98.54398,21.2639],[-98.46361,21.35015],[-98.48611,21.39852],[-98.68108,21.34618],[-98.59524,21.28323],[-98.60874,21.20141],[-98.69664,21.16146],[-98.88266,21.17961],[-98.94496,21.31134],[-99.05514,21.28254],[-99.06101,21.15437],[-99.39737,21.102],[-99.39063,20.95227],[-99.54847,20.7372],[-99.50192,20.65896],[-99.82807,20.54301],[-99.85954,20.26463],[-99.71937,20.16714],[-99.51224,20.1751],[-99.43685,20.0013],[-99.48398,19.90518],[-99.37325,19.85154],[-99.38245,19.7712],[-99.2283,19.87505],[-99.1586,20.02719],[-99.08545,20.03249],[-99.05958,19.974],[-99.03134,20.01485],[-99.00412,19.96495],[-98.98898,20.06826],[-98.94273,19.97907],[-98.99562,19.95689],[-98.95355,19.88854],[-99.02058,19.86768],[-99.0082,19.8284],[-98.95004,19.79964],[-98.88316,19.90153],[-98.67266,19.86283],[-98.69764,19.83211],[-98.59687,19.76584],[-98.66558,19.60615],[-98.3817,19.60936],[-98.33167,19.72232],[-98.1957,19.74162],[-98.315,19.85512],[-98.16043,19.97813],[-98.1809,20.04699],[-98.09788,20.14539],[-98.17592,20.25423],[-98.27055,20.21581],[-98.28444,20.26279],[-98.12684,20.33623],[-97.98528,20.5156],[-97.98504,20.51704]]]}},{"type":"Feature","properties":{"name":"Jalisco","code":"MX-JAL","source":"MEX"},"geometry":{"type":"MultiPolygon","coordinates":[[[[-104.6804,19.19286],[-104.68334,19.19507],[-104.68158,19.1958],[-104.6804,19.19286]]],[[[-104.81382,19.22553],[-104.81405,19.23166],[-104.81689,19.22315],[-104.81382,19.22553]]],[[[-104.81214,19.23277],[-104.81351,19.23438],[-104.81369,19.23174],[-104.81214,19.23277]]],[[[-104.87537,19.27282],[-104.87783,19.27369],[-104.87736,19.27236],[-104.87537,19.27282]]],[[[-105.03445,19.39025],[-105.03557,19.39091],[-105.03582,19.38873],[-105.03445,19.39025]]],[[[-105.06595,19.47896],[-105.06846,19.47766],[-105.06397,19.47763],[-105.06595,19.47896]]],[[[-105.08623,19.52279],[-105.08696,19.52135],[-105.08561,19.52097],[-105.08623,19.52279]]],[[[-105.09328,19.52662],[-105.09583,19.52588],[-105.09205,19.52216],[-105.09328,19.52662]]],[[[-105.08809,19.53193],[-105.08824,19.5332],[-105.08961,19.53293],[-105.08809,19.53193]]],[[[-105.08809,19.5356],[-105.08872,19.53388],[-105.08712,19.53471],[-105.08809,19.5356]]],[[[-105.09276,19.53844],[-105.09274,19.53989],[-105.09497,19.54006],[-105.09276,19.53844]]],[[[-105.10835,19.55107],[-105.10972,19.5518],[-105.11121,19.55053],[-105.10835,19.55107]]],[[[-105.11087,19.56005],[-105.11127,19.56184],[-105.11357,19.56152],[-105.11087,19.56005]]],[[[-105.14592,19.58086],[-105.14749,19.58025],[-105.1455,19.58004],[-105.14592,19.58086]]],[[[-102.7453,21.72005],[-102.80528,21.67128],[-102.76474,21.59606],[-102.62484,21.50141],[-102.67778,21.34089],[-102.72913,21.38736],[-102.91065,21.20523],[-103.0655,21.25581],[-103.0985,21.12849],[-103.05648,21.09932],[-103.12733,21.05353],[-103.2096,21.09422],[-103.3402,21.04224],[-103.42858,21.14672],[-103.59168,21.12862],[-103.66732,21.21605],[-103.63399,21.28229],[-103.72214,21.28394],[-103.50996,21.35489],[-103.5387,21.44477],[-103.59531,21.39091],[-103.70146,21.46627],[-103.68705,21.55604],[-103.54522,21.58764],[-103.50847,21.73974],[-103.57263,21.80349],[-103.47053,21.81354],[-103.27856,21.98965],[-103.11149,22.01426],[-103.15278,22.08762],[-103.07702,22.1255],[-103.10606,22.19136],[-103.05546,22.24726],[-103.10099,22.29397],[-103.22062,22.28047],[-103.16858,22.38501],[-103.28523,22.41424],[-103.36668,22.35104],[-103.2951,22.25329],[-103.40896,22.21536],[-103.4395,22.11764],[-103.68385,22.10921],[-103.5949,22.27308],[-103.64211,22.34087],[-103.55919,22.42843],[-103.60276,22.55679],[-103.72656,22.57415],[-103.84543,22.34276],[-103.86294,22.16688],[-103.92612,22.33207],[-103.86693,22.40938],[-103.86072,22.56762],[-103.76096,22.62561],[-103.75199,22.71165],[-104.05591,22.72398],[-104.00557,22.5366],[-103.92939,22.4761],[-104.01513,22.36481],[-104.09416,22.35505],[-104.07772,22.53231],[-104.21483,22.48416],[-104.16464,22.39186],[-104.22075,22.4211],[-104.29838,22.34781],[-104.37069,21.97617],[-104.19332,21.98542],[-104.16175,21.80984],[-103.92175,21.77033],[-103.91737,21.57981],[-103.7209,21.42543],[-103.83575,21.24098],[-103.97345,21.25633],[-104.02797,21.19467],[-104.2194,21.17661],[-104.20659,20.93637],[-104.37589,20.78407],[-104.28286,20.78348],[-104.25364,20.60342],[-104.55692,20.92415],[-104.8381,21.02001],[-104.96724,20.90951],[-105.0807,20.93138],[-105.14186,20.88717],[-105.1734,20.76771],[-105.27841,20.68198],[-105.23296,20.61543],[-105.31658,20.51151],[-105.60415,20.47577],[-105.69478,20.40909],[-105.55432,20.22484],[-105.49061,19.98906],[-105.26438,19.67932],[-105.08895,19.56045],[-105.0276,19.38352],[-104.58984,19.1501],[-104.53029,19.25979],[-104.47167,19.22884],[-104.40095,19.28907],[-104.12298,19.31904],[-104.06173,19.4977],[-103.81925,19.40874],[-103.61828,19.51252],[-103.48643,19.33789],[-103.4944,18.97011],[-103.22388,19.0241],[-103.14963,18.92594],[-102.99084,19.05338],[-103.01973,19.13237],[-102.9601,19.17406],[-102.75382,19.25581],[-102.66211,19.21881],[-102.54271,19.47803],[-102.58186,19.52826],[-102.73806,19.49336],[-102.71593,19.60294],[-102.80566,19.67484],[-102.81953,19.77794],[-102.7394,19.81583],[-102.73122,19.89951],[-102.77687,19.96015],[-102.95121,19.99656],[-103.02522,19.96049],[-103.04441,20.1236],[-102.92645,20.12958],[-102.93838,20.17142],[-102.81629,20.10605],[-102.50544,20.31586],[-102.07088,20.40902],[-101.95114,20.60743],[-102.09591,20.78005],[-102.07987,20.82907],[-101.93895,20.93061],[-101.75972,21.26762],[-101.64318,21.29934],[-101.67758,21.39514],[-101.57042,21.41854],[-101.64127,21.52665],[-101.58019,21.62553],[-101.58569,21.77878],[-101.51054,21.79906],[-101.56981,21.91708],[-101.65012,21.90741],[-101.751,22.01465],[-101.86167,22.02888],[-101.9126,21.99749],[-101.838,21.90734],[-102.03842,21.8532],[-102.23361,21.6532],[-102.30399,21.66668],[-102.32572,21.62227],[-102.63349,21.76734],[-102.74411,21.71918],[-102.7453,21.72005]]]]}},{"type":"Feature","properties":{"name":"Mexico","code":"MX-MEX","source":"MEX"},"geometry":{"type":"Polygon","coordinates":[[[-98.979,19.07446],[-98.79208,18.93534],[-98.61987,19.03506],[-98.63468,19.42991],[-98.7084,19.5476],[-98.67005,19.65868],[-98.61967,19.66116],[-98.61223,19.78637],[-98.69764,19.83211],[-98.67266,19.86283],[-98.85583,19.90428],[-98.95004,19.79964],[-99.0082,19.8284],[-99.02058,19.86768],[-98.95355,19.88854],[-98.99562,19.95689],[-98.94273,19.97907],[-98.98898,20.06826],[-99.00412,19.96495],[-99.03134,20.01485],[-99.05958,19.974],[-99.08545,20.03249],[-99.1586,20.02719],[-99.2283,19.87505],[-99.38245,19.7712],[-99.37325,19.85154],[-99.48398,19.90518],[-99.43685,20.0013],[-99.51224,20.1751],[-99.71937,20.16714],[-99.91518,20.28552],[-99.91846,20.21178],[-99.98646,20.25707],[-99.92634,20.06433],[-100.08882,20.01502],[-100.15332,20.05367],[-100.13012,19.91619],[-100.06336,19.85455],[-100.13149,19.85201],[-100.14819,19.72822],[-100.27399,19.67225],[-100.18987,19.4397],[-100.29309,19.39513],[-100.41044,19.06417],[-100.52985,19.00933],[-100.61315,18.887],[-100.43063,18.78325],[-100.48703,18.64035],[-100.30338,18.36694],[-100.08995,18.52216],[-100.08241,18.58795],[-99.96167,18.55298],[-99.793,18.63066],[-99.73703,18.73983],[-99.67197,18.7135],[-99.69722,18.78634],[-99.63091,18.72055],[-99.49441,18.72054],[-99.42935,18.87757],[-99.30872,18.9588],[-99.2787,19.1317],[-99.35661,19.30668],[-99.12371,19.59276],[-99.05814,19.40069],[-98.9579,19.32323],[-98.96572,19.08586],[-98.979,19.07446]]]}},{"type":"Feature","properties":{"name":"Michoacan de Ocampo","code":"MX-MIC","source":"MEX"},"geometry":{"type":"MultiPolygon","coordinates":[[[[-102.18258,17.91499],[-102.17141,17.92059],[-102.17803,17.92526],[-102.18258,17.91499]]],[[[-102.16392,17.92252],[-102.16327,17.926],[-102.16508,17.92326],[-102.16392,17.92252]]],[[[-102.18241,17.99933],[-102.17844,17.9282],[-102.13976,17.93621],[-102.17817,17.99199],[-102.18241,17.99933]]],[[[-102.78263,18.08456],[-102.78611,18.08934],[-102.78543,18.08753],[-102.78263,18.08456]]],[[[-103.72728,18.70316],[-103.70872,18.59347],[-103.58118,18.50371],[-103.49165,18.32926],[-102.18658,17.91491],[-102.16182,18.16415],[-101.86325,18.26166],[-101.88226,18.53423],[-101.7827,18.60024],[-101.6245,18.59915],[-101.50744,18.4868],[-101.28208,18.54473],[-101.012,18.52754],[-100.95744,18.44443],[-100.79818,18.48054],[-100.643,18.34616],[-100.58823,18.41215],[-100.74423,18.51807],[-100.79177,18.83417],[-100.7484,18.86793],[-100.69607,18.79413],[-100.52985,19.00933],[-100.41044,19.06417],[-100.31237,19.36236],[-100.18987,19.4397],[-100.27399,19.67225],[-100.14819,19.72822],[-100.13149,19.85201],[-100.06336,19.85455],[-100.2356,20.14346],[-100.18114,20.2088],[-100.34583,20.298],[-100.39726,20.09695],[-100.36293,19.98986],[-100.46582,19.9874],[-100.51995,19.91882],[-100.5956,19.99166],[-100.74875,19.91275],[-100.8243,19.97833],[-100.83576,19.9346],[-100.97184,19.92998],[-100.96764,20.01129],[-101.0429,20.09195],[-101.13315,20.05998],[-101.17524,20.09712],[-101.20306,20.00722],[-101.40168,20.03501],[-101.41989,20.20159],[-101.35262,20.23493],[-101.45593,20.26717],[-101.4726,20.33125],[-101.62465,20.31458],[-101.69793,20.18967],[-101.83387,20.22479],[-101.88811,20.18839],[-101.93987,20.22708],[-101.94529,20.34267],[-102.0158,20.3293],[-102.01359,20.3939],[-102.16817,20.37874],[-102.50544,20.31586],[-102.81629,20.10605],[-102.95414,20.17088],[-102.92645,20.12958],[-103.04441,20.1236],[-103.0515,19.99161],[-102.77534,19.95856],[-102.7394,19.81583],[-102.81953,19.77794],[-102.80566,19.67484],[-102.71593,19.60294],[-102.73806,19.49336],[-102.58186,19.52826],[-102.54372,19.42958],[-102.66992,19.21241],[-102.75382,19.25581],[-103.01973,19.13237],[-102.99084,19.05338],[-103.12502,18.93014],[-103.22388,19.0241],[-103.33249,18.97325],[-103.47266,18.99114],[-103.57324,18.87133],[-103.63028,18.88532],[-103.62003,18.80138],[-103.72569,18.70768],[-103.72728,18.70316]]]]}},{"type":"Feature","properties":{"name":"Morelos","code":"MX-MOR","source":"MEX"},"geometry":{"type":"Polygon","coordinates":[[[-99.2787,19.1317],[-99.31716,18.94],[-99.42935,18.87757],[-99.49441,18.72054],[-99.3574,18.46767],[-99.17791,18.42475],[-99.14109,18.47524],[-99.06596,18.33257],[-98.82777,18.52389],[-98.7067,18.44511],[-98.71591,18.73919],[-98.75349,18.74297],[-98.63295,19.01555],[-98.79208,18.93534],[-98.9156,19.06406],[-99.22678,19.09606],[-99.2787,19.1317]]]}},{"type":"Feature","properties":{"name":"Nayarit","code":"MX-NAY","source":"MEX"},"geometry":{"type":"MultiPolygon","coordinates":[[[[-105.27277,21.04651],[-105.27193,21.0494],[-105.27478,21.04993],[-105.27277,21.04651]]],[[[-106.25121,21.33176],[-106.25736,21.33347],[-106.25968,21.33095],[-106.25121,21.33176]]],[[[-106.22937,21.32497],[-106.22828,21.33002],[-106.23005,21.33443],[-106.22937,21.32497]]],[[[-106.43438,21.49393],[-106.49393,21.4661],[-106.38637,21.41975],[-106.3712,21.48068],[-106.43192,21.49179],[-106.43438,21.49393]]],[[[-106.65488,21.69524],[-106.62897,21.59861],[-106.5327,21.54441],[-106.53631,21.65808],[-106.65481,21.6936],[-106.65488,21.69524]]],[[[-105.29519,21.71573],[-105.29399,21.72002],[-105.29654,21.72499],[-105.29519,21.71573]]],[[[-105.31337,21.72599],[-105.31272,21.72945],[-105.31442,21.73215],[-105.31337,21.72599]]],[[[-105.23509,21.76574],[-105.23946,21.7654],[-105.23665,21.75987],[-105.23509,21.76574]]],[[[-106.67368,21.77458],[-106.67696,21.7286],[-106.67321,21.77258],[-106.67368,21.77458]]],[[[-105.16902,21.8077],[-105.18108,21.80709],[-105.17885,21.80385],[-105.16902,21.8077]]],[[[-105.13149,21.82082],[-105.13313,21.82196],[-105.12979,21.81882],[-105.13149,21.82082]]],[[[-105.88122,21.84981],[-105.88449,21.85287],[-105.88868,21.85364],[-105.88122,21.84981]]],[[[-105.68729,22.47523],[-105.68586,22.47976],[-105.68985,22.47448],[-105.68729,22.47523]]],[[[-105.71295,22.47862],[-105.71845,22.48492],[-105.71574,22.47895],[-105.71295,22.47862]]],[[[-105.65916,22.48551],[-105.65723,22.4906],[-105.6611,22.48551],[-105.65916,22.48551]]],[[[-105.68136,22.47762],[-105.67752,22.48803],[-105.68156,22.49604],[-105.68136,22.47762]]],[[[-105.66072,22.49432],[-105.66274,22.49792],[-105.66579,22.49982],[-105.66072,22.49432]]],[[[-105.66559,22.50863],[-105.66329,22.51169],[-105.66765,22.50862],[-105.66559,22.50863]]],[[[-105.68425,22.57179],[-105.67694,22.46941],[-105.7599,22.53204],[-105.61715,22.18925],[-105.67921,22.5612],[-105.68425,22.57179]]],[[[-105.39225,23.08408],[-105.50126,22.95856],[-105.47459,22.85142],[-105.52477,22.77477],[-105.44172,22.52427],[-105.6804,22.57375],[-105.61395,22.21465],[-105.56873,22.21667],[-105.5346,22.1256],[-105.55786,22.18639],[-105.45893,22.12349],[-105.49098,22.07791],[-105.45006,22.02453],[-105.61607,22.18635],[-105.65015,22.01581],[-105.48965,21.73177],[-105.49597,21.89095],[-105.47199,21.85649],[-105.44731,21.6339],[-105.44729,21.68687],[-105.37323,21.66246],[-105.24383,21.79046],[-105.10081,21.82833],[-105.24358,21.78775],[-105.37455,21.66031],[-105.44142,21.67091],[-105.44379,21.6238],[-105.23293,21.52787],[-105.18782,21.44658],[-105.24773,21.34764],[-105.23877,21.05636],[-105.3131,21.03494],[-105.53824,20.76232],[-105.3468,20.75944],[-105.27633,20.67199],[-105.09864,20.91943],[-104.96724,20.90951],[-104.78246,21.02336],[-104.55692,20.92415],[-104.25364,20.60342],[-104.28286,20.78348],[-104.37589,20.78407],[-104.20659,20.93637],[-104.2194,21.17661],[-104.02797,21.19467],[-103.97345,21.25633],[-103.83575,21.24098],[-103.7209,21.42543],[-103.91737,21.57981],[-103.92175,21.77033],[-104.16175,21.80984],[-104.19332,21.98542],[-104.37069,21.97617],[-104.29313,22.36513],[-104.37151,22.42166],[-104.50651,22.34516],[-104.78863,22.64788],[-104.8584,22.64833],[-104.98791,22.49873],[-105.06842,22.67841],[-104.89272,22.73741],[-104.91839,22.81978],[-104.98841,22.83605],[-105.00314,22.97698],[-105.32357,22.94133],[-105.38971,23.08233],[-105.39225,23.08408]]]]}},{"type":"Feature","properties":{"name":"Nuevo Leon","code":"MX-NLE","source":"MEX"},"geometry":{"type":"Polygon","coordinates":[[[-100.79993,24.55619],[-100.74232,24.46044],[-100.71121,24.49152],[-100.60353,24.4013],[-100.63307,24.22598],[-100.51683,24.1399],[-100.5624,23.91964],[-100.4471,23.69653],[-100.51721,23.42104],[-100.45708,23.36641],[-100.47985,23.19437],[-100.33176,23.16268],[-100.37432,23.26532],[-100.27843,23.31037],[-100.1019,23.23108],[-100.07804,23.30598],[-100.14495,23.33952],[-100.08026,23.39575],[-99.92125,23.37919],[-99.96119,23.55689],[-99.86066,23.77446],[-99.60217,23.76287],[-99.45687,23.86606],[-99.54189,24.03365],[-99.65708,24.118],[-99.58993,24.39614],[-99.63638,24.50667],[-99.7198,24.48371],[-99.73298,24.55399],[-99.54622,24.61307],[-99.47774,24.71262],[-99.29493,24.80414],[-99.18197,24.77604],[-99.16059,25.05528],[-99.05247,25.12713],[-99.01906,25.06993],[-98.93417,25.07276],[-98.42313,25.44749],[-98.42158,25.48936],[-98.58175,25.48936],[-98.58513,26.01792],[-98.82323,26.04765],[-98.90075,25.96832],[-99.02387,26.1041],[-99.16008,26.06123],[-99.19784,26.25868],[-99.43095,26.3513],[-99.39682,26.59657],[-99.65916,26.67037],[-99.58084,26.83011],[-99.66139,26.90084],[-99.76667,26.88984],[-99.65005,27.06586],[-99.76038,27.43696],[-99.91915,27.49152],[-99.92642,27.54916],[-99.72815,27.67913],[-99.81784,27.77625],[-99.99884,27.61528],[-100.18843,27.79914],[-100.35061,27.6846],[-100.4177,27.39363],[-100.67801,27.3348],[-100.83412,27.19517],[-100.79944,27.04583],[-100.68272,27.11139],[-100.534,27.04558],[-100.53816,26.80856],[-100.69123,26.61379],[-100.75304,26.73521],[-101.20676,26.36978],[-100.91642,26.07561],[-100.90553,25.95695],[-100.83442,25.94504],[-100.8619,25.81848],[-100.78342,25.63968],[-100.53844,25.53185],[-100.61909,25.50569],[-100.45188,25.41081],[-100.4701,25.33779],[-100.31302,25.33637],[-100.22958,25.21792],[-100.33201,25.18629],[-100.59569,25.25476],[-100.80313,25.16526],[-100.82151,24.99671],[-100.7275,24.91872],[-100.82613,24.835],[-100.80547,24.59634],[-100.79993,24.55619]]]}},{"type":"Feature","properties":{"name":"Oaxaca","code":"MX-OAX","source":"MEX"},"geometry":{"type":"MultiPolygon","coordinates":[[[[-96.2289,15.68841],[-96.23165,15.68811],[-96.22917,15.68609],[-96.2289,15.68841]]],[[[-96.16144,15.71716],[-96.1627,15.72138],[-96.16392,15.71806],[-96.16144,15.71716]]],[[[-94.13252,16.12031],[-94.12488,16.12171],[-94.1354,16.12149],[-94.13252,16.12031]]],[[[-94.11237,16.1171],[-94.11134,16.1219],[-94.11525,16.12676],[-94.11237,16.1171]]],[[[-94.21996,16.16425],[-94.22078,16.16621],[-94.22407,16.16785],[-94.21996,16.16425]]],[[[-94.26453,16.16733],[-94.26419,16.16906],[-94.26761,16.17104],[-94.26453,16.16733]]],[[[-94.26365,16.1696],[-94.26159,16.171],[-94.26242,16.17254],[-94.26365,16.1696]]],[[[-94.35817,16.17707],[-94.35372,16.17986],[-94.35418,16.18374],[-94.35817,16.17707]]],[[[-94.23811,16.18583],[-94.20573,16.16479],[-94.23354,16.18738],[-94.23811,16.18583]]],[[[-94.36348,16.18985],[-94.36016,16.19292],[-94.35995,16.19528],[-94.36348,16.18985]]],[[[-98.10445,16.20686],[-98.10388,16.20851],[-98.10613,16.20725],[-98.10445,16.20686]]],[[[-94.38889,16.2107],[-94.38688,16.21257],[-94.39281,16.21717],[-94.38889,16.2107]]],[[[-94.35389,16.2222],[-94.35783,16.22347],[-94.3674,16.22173],[-94.35389,16.2222]]],[[[-94.73169,16.21987],[-94.73351,16.22609],[-94.73572,16.22717],[-94.73169,16.21987]]],[[[-94.5975,16.22294],[-94.59967,16.22894],[-94.60147,16.22853],[-94.5975,16.22294]]],[[[-94.91613,16.34122],[-94.91777,16.34256],[-94.91978,16.34181],[-94.91613,16.34122]]],[[[-94.90095,16.33601],[-94.89971,16.33937],[-94.89557,16.34184],[-94.90095,16.33601]]],[[[-94.84627,16.35211],[-94.846,16.35325],[-94.8488,16.35311],[-94.84627,16.35211]]],[[[-94.87223,16.35082],[-94.87951,16.35346],[-94.88247,16.3505],[-94.87223,16.35082]]],[[[-94.82279,16.3565],[-94.82749,16.35651],[-94.82968,16.35384],[-94.82279,16.3565]]],[[[-94.82057,16.36606],[-94.82224,16.36804],[-94.82694,16.36592],[-94.82057,16.36606]]],[[[-94.86526,16.37882],[-94.86371,16.38118],[-94.86595,16.38335],[-94.86526,16.37882]]],[[[-93.86743,17.13696],[-94.92281,17.19379],[-94.89078,17.31106],[-95.07657,17.37293],[-95.27885,17.61324],[-95.18813,17.6507],[-95.23891,17.73926],[-95.532,17.55583],[-95.70224,17.51853],[-95.90277,17.73265],[-95.79992,17.95001],[-95.83317,18.12903],[-96.11057,18.16574],[-96.1087,18.07858],[-96.25958,18.00445],[-96.11289,18.08037],[-96.12167,18.14391],[-96.21762,18.16078],[-96.32255,18.28723],[-96.37028,18.24094],[-96.27076,18.29782],[-96.45731,18.57044],[-96.68302,18.66969],[-96.7269,18.52983],[-96.67456,18.3814],[-96.75464,18.39216],[-96.85476,18.24123],[-96.99148,18.23074],[-97.04209,18.15657],[-97.16737,18.2009],[-97.30341,18.15908],[-97.48924,18.02559],[-97.65318,18.17529],[-97.65471,18.29309],[-97.7973,18.28317],[-97.86748,18.14457],[-97.81067,18.06772],[-97.8426,17.99608],[-97.77167,18.06837],[-97.69974,18.00164],[-97.76638,18.00591],[-97.83236,17.90853],[-98.13039,17.98808],[-98.17792,17.89705],[-98.24654,17.87844],[-98.28231,17.93515],[-98.49634,17.76881],[-98.46104,17.63036],[-98.32945,17.53298],[-98.28737,17.32901],[-98.3235,17.27594],[-98.20314,17.21629],[-98.2226,17.12215],[-98.00728,17.04014],[-98.11126,16.95887],[-98.07233,16.87425],[-98.10816,16.76095],[-98.24344,16.6967],[-98.20336,16.58718],[-98.39514,16.54684],[-98.34994,16.44445],[-98.55263,16.31595],[-98.10981,16.23025],[-98.07852,16.1882],[-98.20741,16.23522],[-97.79064,15.98598],[-97.78062,16.02106],[-97.78816,15.98239],[-97.53905,15.96738],[-97.63303,15.98776],[-97.5867,16.0146],[-97.2108,15.92336],[-96.86042,15.73982],[-96.55624,15.65806],[-96.23822,15.68298],[-95.95845,15.82879],[-95.43562,15.9761],[-95.1675,16.19715],[-94.74547,16.20859],[-95.10547,16.23628],[-94.81707,16.27203],[-95.0664,16.28127],[-94.878,16.44966],[-94.83615,16.40395],[-94.80475,16.43299],[-94.80209,16.26979],[-94.67509,16.36549],[-94.58131,16.33666],[-94.62416,16.26971],[-94.56231,16.29955],[-94.56973,16.22132],[-94.66964,16.22036],[-94.6277,16.26682],[-94.7256,16.20949],[-94.38405,16.15827],[-93.94856,15.99157],[-94.1947,16.15489],[-94.4211,16.18354],[-94.44373,16.23616],[-94.37411,16.29701],[-94.2174,16.18782],[-94.1169,16.21972],[-94.10288,16.14314],[-94.03296,16.27594],[-94.13916,16.46179],[-93.99417,16.82281],[-93.86743,17.13696]]]]}},{"type":"Feature","properties":{"name":"Puebla","code":"MX-PUE","source":"MEX"},"geometry":{"type":"Polygon","coordinates":[[[-98.42489,17.86599],[-98.28231,17.93515],[-98.20975,17.87976],[-98.13039,17.98808],[-97.81929,17.91474],[-97.69777,18.01882],[-97.77167,18.06837],[-97.8426,17.99608],[-97.81067,18.06772],[-97.86748,18.14457],[-97.7973,18.28317],[-97.65471,18.29309],[-97.65318,18.17529],[-97.54391,18.03344],[-97.46692,18.02695],[-97.30341,18.15908],[-97.16737,18.2009],[-97.04209,18.15657],[-96.99148,18.23074],[-96.85476,18.24123],[-96.72532,18.40622],[-96.79701,18.51194],[-96.89925,18.54865],[-97.07997,18.45451],[-97.14144,18.59642],[-97.34397,18.68576],[-97.35303,18.79128],[-97.24182,18.90214],[-97.2614,19.09663],[-97.19459,19.17181],[-97.02705,19.13324],[-97.05615,19.19767],[-96.98556,19.2794],[-97.36045,19.37603],[-97.39736,19.41906],[-97.34826,19.48463],[-97.40456,19.49587],[-97.43428,19.58885],[-97.30393,19.67116],[-97.30456,19.87069],[-97.12241,20.13672],[-97.44528,20.24616],[-97.58603,20.07933],[-97.60449,20.16687],[-97.73945,20.18946],[-97.7573,20.27908],[-97.67313,20.33661],[-97.76564,20.38123],[-97.7346,20.45131],[-97.64541,20.40832],[-97.54104,20.48971],[-97.58795,20.56107],[-97.7019,20.57187],[-97.75686,20.68949],[-97.69518,20.80004],[-97.773,20.8272],[-97.87912,20.83428],[-97.90969,20.58638],[-98.12684,20.33623],[-98.28444,20.26279],[-98.27055,20.21581],[-98.17592,20.25423],[-98.09788,20.14539],[-98.1809,20.04699],[-98.16043,19.97813],[-98.315,19.85512],[-98.19438,19.76537],[-98.24107,19.67584],[-98.10101,19.66805],[-98.06081,19.72892],[-98.04221,19.64022],[-97.87015,19.55915],[-97.86227,19.45618],[-97.79454,19.49837],[-97.62636,19.32393],[-97.83927,19.30138],[-97.9282,19.16421],[-98.03169,19.23094],[-98.16618,19.10507],[-98.34271,19.17794],[-98.52319,19.46087],[-98.65323,19.46599],[-98.61987,19.03506],[-98.75349,18.74297],[-98.71591,18.73919],[-98.7067,18.44511],[-98.82777,18.52389],[-99.06997,18.32837],[-99.06371,18.25148],[-98.98906,18.24935],[-99.00007,18.1902],[-98.88188,18.16616],[-98.86981,18.05722],[-98.7351,18.0451],[-98.81494,18.0017],[-98.65054,17.93316],[-98.44814,17.99071],[-98.42356,17.87963],[-98.42489,17.86599]]]}},{"type":"Feature","properties":{"name":"Queretaro de Arteaga","code":"MX-QUE","source":"MEX"},"geometry":{"type":"Polygon","coordinates":[[[-100.35066,20.28841],[-100.18114,20.2088],[-100.2356,20.14346],[-100.08882,20.01502],[-99.92634,20.06433],[-99.98494,20.2648],[-99.91846,20.21178],[-99.9195,20.28167],[-99.85911,20.26847],[-99.82807,20.54301],[-99.50192,20.65896],[-99.54847,20.7372],[-99.39063,20.95227],[-99.39737,21.102],[-99.04308,21.17868],[-99.05324,21.28163],[-99.13783,21.32979],[-99.09284,21.3817],[-99.18818,21.67001],[-99.30549,21.53291],[-99.37591,21.54793],[-99.40592,21.42827],[-99.55193,21.42839],[-99.66106,21.56858],[-99.74674,21.57836],[-99.79452,21.3574],[-99.75789,21.29214],[-99.6713,21.30119],[-99.68785,21.22578],[-99.83126,21.15732],[-99.98637,21.21831],[-100.06417,20.93629],[-100.26362,20.971],[-100.33359,20.89073],[-100.4134,20.88743],[-100.47223,20.92845],[-100.57759,20.81667],[-100.54891,20.73638],[-100.59654,20.71726],[-100.49618,20.61619],[-100.47618,20.38961],[-100.35924,20.29353],[-100.35066,20.28841]]]}},{"type":"Feature","properties":{"name":"Quintana Roo","code":"MX-ROO","source":"MEX"},"geometry":{"type":"MultiPolygon","coordinates":[[[[-87.8764,18.21159],[-87.89676,18.17173],[-87.87499,18.21318],[-87.8764,18.21159]]],[[[-87.88732,18.26689],[-87.89204,18.26552],[-87.89482,18.26669],[-87.88732,18.26689]]],[[[-87.89712,18.31794],[-87.89797,18.32064],[-87.89807,18.31776],[-87.89712,18.31794]]],[[[-87.89728,18.32268],[-87.89787,18.32553],[-87.8985,18.32172],[-87.89728,18.32268]]],[[[-87.88587,18.33747],[-87.88661,18.33838],[-87.88894,18.33605],[-87.88587,18.33747]]],[[[-87.90089,18.35427],[-87.90197,18.35545],[-87.90088,18.35337],[-87.90089,18.35427]]],[[[-87.91354,18.35285],[-87.91652,18.35634],[-87.91603,18.3543],[-87.91354,18.35285]]],[[[-87.90447,18.35507],[-87.90336,18.35665],[-87.90651,18.35924],[-87.90447,18.35507]]],[[[-87.90546,18.36399],[-87.9069,18.36612],[-87.90706,18.36409],[-87.90546,18.36399]]],[[[-87.41798,18.39704],[-87.4189,18.40021],[-87.42133,18.39929],[-87.41798,18.39704]]],[[[-87.35168,18.40521],[-87.34658,18.41047],[-87.3416,18.41877],[-87.35168,18.40521]]],[[[-87.43735,18.43631],[-87.43846,18.44223],[-87.43721,18.43476],[-87.43735,18.43631]]],[[[-87.43849,18.44444],[-87.43859,18.44849],[-87.44067,18.44544],[-87.43849,18.44444]]],[[[-87.43919,18.45273],[-87.44176,18.46024],[-87.44464,18.46252],[-87.43919,18.45273]]],[[[-87.44505,18.47515],[-87.44175,18.48798],[-87.44352,18.50542],[-87.44505,18.47515]]],[[[-87.44237,18.51033],[-87.44219,18.51262],[-87.44279,18.50935],[-87.44237,18.51033]]],[[[-87.4418,18.51403],[-87.43896,18.5177],[-87.44058,18.51869],[-87.4418,18.51403]]],[[[-87.33327,18.4339],[-87.33098,18.52619],[-87.33422,18.43253],[-87.33327,18.4339]]],[[[-87.32976,18.52764],[-87.32784,18.53086],[-87.33073,18.52668],[-87.32976,18.52764]]],[[[-87.32702,18.53202],[-87.32317,18.54037],[-87.31202,18.55051],[-87.32702,18.53202]]],[[[-87.32744,18.58226],[-87.33621,18.57898],[-87.34094,18.57507],[-87.32744,18.58226]]],[[[-87.32007,18.59869],[-87.32397,18.59205],[-87.32356,18.58848],[-87.32007,18.59869]]],[[[-88.22053,18.56573],[-88.18645,18.63937],[-88.22298,18.56232],[-88.22053,18.56573]]],[[[-87.42576,18.64059],[-87.42095,18.65598],[-87.42851,18.64135],[-87.42576,18.64059]]],[[[-87.37663,18.73996],[-87.37581,18.74086],[-87.37779,18.73937],[-87.37663,18.73996]]],[[[-87.3022,18.74804],[-87.30338,18.74864],[-87.30382,18.7469],[-87.3022,18.74804]]],[[[-88.11496,18.75225],[-88.11403,18.75496],[-88.11517,18.75547],[-88.11496,18.75225]]],[[[-88.09522,18.77027],[-88.09651,18.77647],[-88.09809,18.77511],[-88.09522,18.77027]]],[[[-88.11665,18.78291],[-88.11608,18.7859],[-88.11808,18.78437],[-88.11665,18.78291]]],[[[-88.11069,18.75979],[-88.09922,18.80103],[-88.11199,18.76012],[-88.11069,18.75979]]],[[[-88.08201,18.82784],[-88.08326,18.82925],[-88.08647,18.82838],[-88.08201,18.82784]]],[[[-87.64114,19.18799],[-87.64565,19.18797],[-87.64707,19.18639],[-87.64114,19.18799]]],[[[-87.62966,19.1927],[-87.62754,19.19662],[-87.63283,19.1948],[-87.62966,19.1927]]],[[[-87.62818,19.20272],[-87.62867,19.20446],[-87.63102,19.20271],[-87.62818,19.20272]]],[[[-87.64976,19.21555],[-87.6146,19.23593],[-87.65122,19.2155],[-87.64976,19.21555]]],[[[-87.60195,19.23585],[-87.60322,19.23692],[-87.60589,19.23467],[-87.60195,19.23585]]],[[[-87.47563,19.32496],[-87.4781,19.32608],[-87.47975,19.32367],[-87.47563,19.32496]]],[[[-87.468,19.33404],[-87.47106,19.33453],[-87.46722,19.33292],[-87.468,19.33404]]],[[[-87.51064,19.36609],[-87.47927,19.33541],[-87.50582,19.36494],[-87.51064,19.36609]]],[[[-87.6386,19.3678],[-87.63596,19.37343],[-87.63205,19.37597],[-87.6386,19.3678]]],[[[-87.56902,19.39775],[-87.57351,19.39716],[-87.57119,19.39428],[-87.56902,19.39775]]],[[[-87.55193,19.41278],[-87.55442,19.41368],[-87.55549,19.41069],[-87.55193,19.41278]]],[[[-87.65852,19.50561],[-87.65961,19.50783],[-87.66182,19.50467],[-87.65852,19.50561]]],[[[-87.65641,19.51564],[-87.65727,19.51711],[-87.66163,19.50929],[-87.65641,19.51564]]],[[[-87.48103,19.56456],[-87.48271,19.56512],[-87.48413,19.56388],[-87.48103,19.56456]]],[[[-87.45767,19.55976],[-87.45815,19.5645],[-87.45614,19.56745],[-87.45767,19.55976]]],[[[-87.69993,19.59099],[-87.70215,19.59253],[-87.70483,19.59059],[-87.69993,19.59099]]],[[[-87.49649,19.58995],[-87.49772,19.59258],[-87.49904,19.59261],[-87.49649,19.58995]]],[[[-87.45743,19.59828],[-87.45866,19.59778],[-87.45825,19.59613],[-87.45743,19.59828]]],[[[-87.46212,19.59435],[-87.46351,19.59837],[-87.46462,19.5977],[-87.46212,19.59435]]],[[[-87.49034,19.59763],[-87.49081,19.59886],[-87.49388,19.59514],[-87.49034,19.59763]]],[[[-87.46376,19.60098],[-87.46482,19.60334],[-87.46684,19.60086],[-87.46376,19.60098]]],[[[-87.49238,19.60486],[-87.49384,19.60575],[-87.49415,19.60306],[-87.49238,19.60486]]],[[[-87.49229,19.61096],[-87.4956,19.60993],[-87.49511,19.607],[-87.49229,19.61096]]],[[[-87.46402,19.60674],[-87.46604,19.61328],[-87.46638,19.60696],[-87.46402,19.60674]]],[[[-87.51928,19.61281],[-87.52314,19.61311],[-87.52154,19.60997],[-87.51928,19.61281]]],[[[-87.51554,19.62937],[-87.51891,19.62866],[-87.52071,19.62333],[-87.51554,19.62937]]],[[[-87.70799,19.64998],[-87.71345,19.64879],[-87.71016,19.64628],[-87.70799,19.64998]]],[[[-87.45984,19.69463],[-87.46427,19.6947],[-87.45824,19.69085],[-87.45984,19.69463]]],[[[-87.46544,19.69662],[-87.46662,19.69899],[-87.46811,19.69898],[-87.46544,19.69662]]],[[[-87.47589,19.7046],[-87.47789,19.70496],[-87.47776,19.70326],[-87.47589,19.7046]]],[[[-87.49745,19.71034],[-87.50595,19.71056],[-87.48645,19.70415],[-87.49745,19.71034]]],[[[-87.48672,20.03138],[-87.48219,20.0369],[-87.48388,20.0399],[-87.48672,20.03138]]],[[[-86.72689,20.57772],[-86.9269,20.55097],[-87.02126,20.3915],[-86.99383,20.27482],[-86.73838,20.55275],[-86.72689,20.57772]]],[[[-86.74783,21.26213],[-86.71074,21.20184],[-86.73893,21.24551],[-86.74783,21.26213]]],[[[-86.88043,21.42569],[-86.88265,21.42484],[-86.87911,21.42504],[-86.88043,21.42569]]],[[[-86.88068,21.43462],[-86.88757,21.43151],[-86.8873,21.42995],[-86.88068,21.43462]]],[[[-86.85256,21.43612],[-86.86888,21.43126],[-86.86632,21.4302],[-86.85256,21.43612]]],[[[-86.93117,21.47121],[-86.93254,21.47171],[-86.93176,21.4698],[-86.93117,21.47121]]],[[[-86.91186,21.46945],[-86.91661,21.47442],[-86.91691,21.4698],[-86.91186,21.46945]]],[[[-86.93466,21.47454],[-86.93683,21.47493],[-86.9355,21.47104],[-86.93466,21.47454]]],[[[-86.91913,21.47202],[-86.91752,21.47577],[-86.92223,21.47793],[-86.91913,21.47202]]],[[[-87.21763,21.51833],[-87.22423,21.51767],[-87.22526,21.51647],[-87.21763,21.51833]]],[[[-86.79919,21.5188],[-86.80379,21.53173],[-86.79962,21.51868],[-86.79919,21.5188]]],[[[-86.98557,21.55575],[-86.99182,21.56318],[-86.99307,21.56046],[-86.98557,21.55575]]],[[[-87.00549,21.56762],[-87.01006,21.56426],[-87.0084,21.56086],[-87.00549,21.56762]]],[[[-87.03531,21.58511],[-87.04159,21.58568],[-87.0421,21.58469],[-87.03531,21.58511]]],[[[-89.15196,17.94042],[-89.03752,18.00512],[-88.85977,17.89446],[-88.71676,18.06051],[-88.69433,18.18687],[-88.60469,18.24103],[-88.51864,18.46225],[-88.28566,18.49373],[-88.15297,18.70729],[-88.20289,18.71081],[-88.14834,18.77769],[-88.14123,18.72492],[-88.05087,18.87109],[-87.99747,18.6667],[-88.07488,18.47873],[-87.93412,18.43816],[-87.87899,18.35064],[-87.89854,18.2195],[-87.84409,18.19349],[-87.53724,19.20798],[-87.44556,19.31171],[-87.51167,19.25565],[-87.48913,19.32615],[-87.55613,19.29604],[-87.63776,19.17715],[-87.70518,19.22707],[-87.68327,19.31489],[-87.44013,19.46923],[-87.41064,19.59196],[-87.45395,19.648],[-87.44232,19.59337],[-87.50989,19.5764],[-87.44807,19.54858],[-87.60931,19.55393],[-87.68249,19.49162],[-87.74001,19.67178],[-87.6491,19.6881],[-87.66678,19.61649],[-87.57873,19.79064],[-87.45947,19.85854],[-87.46713,19.9455],[-87.43114,19.88899],[-87.46964,19.7807],[-87.43285,19.91082],[-87.52281,20.10079],[-87.47908,20.11679],[-87.478,20.00654],[-87.4529,20.16406],[-87.3227,20.38702],[-86.96273,20.73009],[-86.74054,21.13619],[-86.80404,21.16418],[-86.79648,21.40633],[-86.82346,21.24399],[-86.97758,21.54859],[-86.97477,21.51033],[-87.10195,21.58402],[-87.1685,21.42111],[-87.53491,21.48941],[-87.53315,20.9996],[-87.74426,20.65379],[-88.13649,20.28137],[-88.40913,20.2521],[-88.51993,20.19233],[-88.50762,20.14339],[-88.69061,20.08986],[-88.70018,20.01036],[-88.7835,20.00818],[-88.82593,19.87993],[-89.02516,19.77671],[-89.04883,19.72149],[-88.99753,19.70488],[-89.1234,19.70342],[-89.10902,19.58235],[-89.1892,19.64401],[-89.29656,19.55117],[-89.14667,19.42386],[-89.12123,18.38585],[-89.14307,18.14582],[-89.20024,18.14463],[-89.14475,18.0577],[-89.20741,17.99265],[-89.15217,17.95361],[-89.15196,17.94042]]],[[[-87.09508,21.60336],[-87.39544,21.51169],[-87.20994,21.51964],[-87.10622,21.60124],[-87.04616,21.58546],[-87.08385,21.59668],[-87.09508,21.60336]]]]}},{"type":"Feature","properties":{"name":"San Luis Potosi","code":"MX-SLP","source":"MEX"},"geometry":{"type":"Polygon","coordinates":[[[-99.77735,21.49502],[-99.74674,21.57836],[-99.66106,21.56858],[-99.55193,21.42839],[-99.40592,21.42827],[-99.37591,21.54793],[-99.30549,21.53291],[-99.18818,21.67001],[-99.1283,21.58982],[-99.10435,21.2896],[-98.94496,21.31134],[-98.88266,21.17961],[-98.8206,21.16035],[-98.63915,21.18323],[-98.59524,21.28323],[-98.68108,21.34618],[-98.50338,21.39187],[-98.64366,21.63094],[-98.45472,21.76601],[-98.54803,21.86011],[-98.50315,21.93663],[-98.57913,21.96475],[-98.46881,21.9646],[-98.43202,22.12827],[-98.32597,22.24305],[-98.57932,22.37776],[-98.68155,22.37157],[-98.6771,22.40893],[-98.89,22.35509],[-99.23684,22.41286],[-99.32962,22.63489],[-99.44205,22.66362],[-99.49679,22.7485],[-99.54433,22.74414],[-99.49454,22.62087],[-99.53469,22.61276],[-99.68254,22.68112],[-99.81403,22.66077],[-99.8824,22.74986],[-100.09406,22.75127],[-100.02938,22.82439],[-100.11085,22.97572],[-100.01125,23.06392],[-100.1156,23.12599],[-100.10381,23.23154],[-100.27843,23.31037],[-100.37432,23.26532],[-100.33176,23.16268],[-100.47985,23.19437],[-100.45708,23.36641],[-100.51721,23.42104],[-100.4471,23.69653],[-100.5503,23.8422],[-100.51683,24.1399],[-100.63307,24.22598],[-100.60353,24.4013],[-100.71121,24.49152],[-100.94529,24.2812],[-101.00667,24.33583],[-100.98733,24.43252],[-101.0654,24.20702],[-101.21675,24.15973],[-101.1925,23.91856],[-101.77512,23.44763],[-102.12253,23.35386],[-102.23815,23.4469],[-102.29604,23.3205],[-102.26953,23.27991],[-102.2316,23.31512],[-102.28937,23.23169],[-102.21415,23.13132],[-102.26005,23.04592],[-102.19213,22.8649],[-101.93976,22.64573],[-101.85328,22.65603],[-101.87296,22.56307],[-101.78336,22.46503],[-101.65991,22.50532],[-101.49096,22.74288],[-101.34923,22.71178],[-101.38002,22.67583],[-101.28573,22.50786],[-101.43513,22.34153],[-101.32425,22.20989],[-101.38276,22.02074],[-101.32651,21.99973],[-101.49633,21.80994],[-101.31948,21.83533],[-101.16127,21.75751],[-100.98197,21.75353],[-100.83432,21.66456],[-100.85768,21.61899],[-100.61496,21.50579],[-100.46108,21.54533],[-100.44734,21.67492],[-100.35137,21.69167],[-100.17963,21.65079],[-100.06228,21.52331],[-99.95682,21.52623],[-99.94233,21.44962],[-99.78404,21.4938],[-99.77735,21.49502]]]}},{"type":"Feature","properties":{"name":"Sinaloa","code":"MX-SIN","source":"MEX"},"geometry":{"type":"MultiPolygon","coordinates":[[[[-105.68897,22.64508],[-105.67597,22.58397],[-105.67831,22.6444],[-105.68897,22.64508]]],[[[-106.40329,23.18031],[-106.40457,23.18017],[-106.40408,23.17872],[-106.40329,23.18031]]],[[[-106.44012,23.18523],[-106.44079,23.18384],[-106.4394,23.1844],[-106.44012,23.18523]]],[[[-106.39606,23.20791],[-106.39641,23.20987],[-106.39724,23.20794],[-106.39606,23.20791]]],[[[-106.46406,23.22476],[-106.46372,23.22772],[-106.4659,23.22335],[-106.46406,23.22476]]],[[[-106.46336,23.23246],[-106.46343,23.23608],[-106.46731,23.23919],[-106.46336,23.23246]]],[[[-106.47518,23.25843],[-106.47939,23.25666],[-106.47896,23.25109],[-106.47518,23.25843]]],[[[-106.75246,23.61402],[-106.75186,23.61544],[-106.75491,23.61438],[-106.75246,23.61402]]],[[[-106.79411,23.67628],[-106.79466,23.67945],[-106.79471,23.6747],[-106.79411,23.67628]]],[[[-107.05973,23.99977],[-107.06024,24.00428],[-107.06229,24.00216],[-107.05973,23.99977]]],[[[-107.19917,24.10899],[-107.2003,24.10988],[-107.20453,24.10891],[-107.19917,24.10899]]],[[[-107.16283,24.12461],[-107.16056,24.12802],[-107.16604,24.1258],[-107.16283,24.12461]]],[[[-107.16974,24.12586],[-107.16981,24.13026],[-107.17177,24.12944],[-107.16974,24.12586]]],[[[-107.17386,24.12907],[-107.1712,24.13204],[-107.17173,24.13418],[-107.17386,24.12907]]],[[[-107.16459,24.13406],[-107.16437,24.13587],[-107.16672,24.13629],[-107.16459,24.13406]]],[[[-107.35307,24.21996],[-107.35565,24.22319],[-107.35566,24.22093],[-107.35307,24.21996]]],[[[-107.35828,24.22236],[-107.35835,24.22585],[-107.36096,24.22751],[-107.35828,24.22236]]],[[[-107.37925,24.22646],[-107.20707,24.11033],[-107.36522,24.22364],[-107.37925,24.22646]]],[[[-107.3935,24.23876],[-107.39586,24.24302],[-107.39947,24.24234],[-107.3935,24.23876]]],[[[-107.51289,24.33737],[-107.51144,24.33869],[-107.51177,24.34286],[-107.51289,24.33737]]],[[[-107.50934,24.33855],[-107.50845,24.3437],[-107.51082,24.34146],[-107.50934,24.33855]]],[[[-107.51868,24.3503],[-107.52407,24.35312],[-107.52465,24.34953],[-107.51868,24.3503]]],[[[-107.50995,24.36585],[-107.51472,24.36436],[-107.50867,24.36345],[-107.50995,24.36585]]],[[[-107.51121,24.36735],[-107.51375,24.36833],[-107.51353,24.36664],[-107.51121,24.36735]]],[[[-107.52194,24.37118],[-107.524,24.37318],[-107.52378,24.37148],[-107.52194,24.37118]]],[[[-107.51347,24.38198],[-107.51454,24.38326],[-107.51592,24.38121],[-107.51347,24.38198]]],[[[-107.51314,24.39034],[-107.51444,24.39104],[-107.51627,24.38989],[-107.51314,24.39034]]],[[[-107.51583,24.39593],[-107.51704,24.39631],[-107.51371,24.39405],[-107.51583,24.39593]]],[[[-107.51566,24.40897],[-107.51656,24.408],[-107.51431,24.40899],[-107.51566,24.40897]]],[[[-107.5079,24.40898],[-107.50964,24.40963],[-107.50791,24.40368],[-107.5079,24.40898]]],[[[-107.50602,24.41043],[-107.50568,24.41156],[-107.50752,24.41153],[-107.50602,24.41043]]],[[[-107.51774,24.41107],[-107.51697,24.41289],[-107.51873,24.41128],[-107.51774,24.41107]]],[[[-107.51206,24.41675],[-107.51392,24.42101],[-107.51472,24.42007],[-107.51206,24.41675]]],[[[-107.62852,24.44019],[-107.63212,24.44176],[-107.62559,24.43573],[-107.62852,24.44019]]],[[[-107.56996,24.4529],[-107.57196,24.45422],[-107.57365,24.45233],[-107.56996,24.4529]]],[[[-107.63599,24.45419],[-107.6364,24.45638],[-107.63994,24.45728],[-107.63599,24.45419]]],[[[-107.56613,24.4581],[-107.568,24.45942],[-107.56759,24.45746],[-107.56613,24.4581]]],[[[-107.64212,24.45566],[-107.643,24.45948],[-107.64619,24.46152],[-107.64212,24.45566]]],[[[-107.64182,24.46187],[-107.6429,24.46194],[-107.64084,24.45946],[-107.64182,24.46187]]],[[[-107.53729,24.47686],[-107.54023,24.47591],[-107.53591,24.47582],[-107.53729,24.47686]]],[[[-107.54119,24.47759],[-107.54354,24.478],[-107.54231,24.47644],[-107.54119,24.47759]]],[[[-107.6597,24.47374],[-107.65938,24.47922],[-107.66089,24.48054],[-107.6597,24.47374]]],[[[-107.56748,24.47906],[-107.56974,24.48117],[-107.56784,24.47855],[-107.56748,24.47906]]],[[[-107.55519,24.48091],[-107.55644,24.48207],[-107.55876,24.48079],[-107.55519,24.48091]]],[[[-107.55035,24.48262],[-107.5519,24.483],[-107.55125,24.48126],[-107.55035,24.48262]]],[[[-107.5573,24.48499],[-107.55507,24.49044],[-107.55654,24.49352],[-107.5573,24.48499]]],[[[-107.57373,24.49278],[-107.57273,24.49499],[-107.57481,24.49422],[-107.57373,24.49278]]],[[[-107.57736,24.49192],[-107.57792,24.49552],[-107.5809,24.49638],[-107.57736,24.49192]]],[[[-107.55416,24.49773],[-107.55615,24.49832],[-107.55491,24.49665],[-107.55416,24.49773]]],[[[-107.56257,24.49866],[-107.56373,24.49802],[-107.5625,24.49536],[-107.56257,24.49866]]],[[[-107.59168,24.4994],[-107.59041,24.5005],[-107.59268,24.50018],[-107.59168,24.4994]]],[[[-107.71219,24.49783],[-107.72496,24.50064],[-107.72778,24.50003],[-107.71219,24.49783]]],[[[-107.57708,24.50575],[-107.57938,24.5065],[-107.5844,24.50494],[-107.57708,24.50575]]],[[[-107.58951,24.50486],[-107.59061,24.50709],[-107.59126,24.50573],[-107.58951,24.50486]]],[[[-107.55232,24.50729],[-107.55425,24.5078],[-107.55145,24.50618],[-107.55232,24.50729]]],[[[-107.57234,24.51192],[-107.57454,24.51391],[-107.57719,24.51409],[-107.57234,24.51192]]],[[[-107.83118,24.54223],[-107.83337,24.54405],[-107.82079,24.53001],[-107.83118,24.54223]]],[[[-107.83535,24.547],[-107.83761,24.54913],[-107.83499,24.54602],[-107.83535,24.547]]],[[[-107.85057,24.55958],[-107.85233,24.55963],[-107.85054,24.55863],[-107.85057,24.55958]]],[[[-107.84505,24.55584],[-107.84487,24.55901],[-107.84688,24.56043],[-107.84505,24.55584]]],[[[-107.8638,24.56677],[-107.86521,24.56922],[-107.87104,24.5708],[-107.8638,24.56677]]],[[[-107.88561,24.61418],[-107.88935,24.61591],[-107.89006,24.61443],[-107.88561,24.61418]]],[[[-107.97198,24.75076],[-107.97581,24.75603],[-107.97808,24.75543],[-107.97198,24.75076]]],[[[-108.00153,24.76403],[-108.00689,24.76482],[-108.00658,24.75956],[-108.00153,24.76403]]],[[[-107.97468,24.78911],[-107.97667,24.7894],[-107.97456,24.78809],[-107.97468,24.78911]]],[[[-107.97095,24.78823],[-107.97025,24.78975],[-107.9726,24.79005],[-107.97095,24.78823]]],[[[-107.97798,24.79022],[-107.97715,24.79142],[-107.97961,24.79408],[-107.97798,24.79022]]],[[[-107.97753,24.79345],[-107.97743,24.79819],[-107.97864,24.79444],[-107.97753,24.79345]]],[[[-108.08247,24.82051],[-108.08254,24.82428],[-108.08499,24.82177],[-108.08247,24.82051]]],[[[-108.00643,24.85397],[-108.01334,24.85104],[-108.01481,24.84873],[-108.00643,24.85397]]],[[[-107.99857,24.85178],[-107.99773,24.85312],[-108.00028,24.85586],[-107.99857,24.85178]]],[[[-108.09545,24.85775],[-108.09709,24.86658],[-108.10007,24.8693],[-108.09545,24.85775]]],[[[-107.99946,24.86903],[-107.99886,24.86983],[-108.00218,24.87017],[-107.99946,24.86903]]],[[[-108.03819,24.89454],[-108.03685,24.89519],[-108.03854,24.89695],[-108.03819,24.89454]]],[[[-108.01266,24.93102],[-108.01271,24.932],[-108.01479,24.93133],[-108.01266,24.93102]]],[[[-108.03657,24.938],[-108.03547,24.9393],[-108.03941,24.93787],[-108.03657,24.938]]],[[[-108.1344,24.94068],[-108.13523,24.94735],[-108.13942,24.94766],[-108.1344,24.94068]]],[[[-108.00173,24.94778],[-108.00328,24.9475],[-108.00075,24.94626],[-108.00173,24.94778]]],[[[-108.00362,24.94991],[-108.00565,24.9496],[-108.00331,24.94823],[-108.00362,24.94991]]],[[[-108.04496,24.95037],[-108.04601,24.94979],[-108.0426,24.94732],[-108.04496,24.95037]]],[[[-108.00639,24.95324],[-108.00835,24.95259],[-108.00539,24.95182],[-108.00639,24.95324]]],[[[-108.14261,24.94896],[-108.14901,24.95614],[-108.14902,24.95253],[-108.14261,24.94896]]],[[[-108.05593,24.95786],[-108.05647,24.96017],[-108.05722,24.95774],[-108.05593,24.95786]]],[[[-108.02755,24.96052],[-108.02435,24.96339],[-108.02895,24.96015],[-108.02755,24.96052]]],[[[-108.0036,24.96082],[-108.00149,24.96645],[-108.00449,24.96111],[-108.0036,24.96082]]],[[[-108.05805,24.96273],[-108.05711,24.96699],[-108.05928,24.96501],[-108.05805,24.96273]]],[[[-108.0342,24.97712],[-108.03327,24.97818],[-108.03459,24.97708],[-108.0342,24.97712]]],[[[-108.16269,24.97041],[-108.16377,24.9772],[-108.16646,24.97894],[-108.16269,24.97041]]],[[[-108.03246,24.98219],[-108.03354,24.98129],[-108.03146,24.98104],[-108.03246,24.98219]]],[[[-108.02973,24.98173],[-108.03085,24.98238],[-108.02837,24.98021],[-108.02973,24.98173]]],[[[-108.18528,25.0026],[-108.19196,25.01355],[-108.1956,25.01689],[-108.18528,25.0026]]],[[[-108.09214,25.00117],[-108.14232,25.04952],[-108.15722,24.96785],[-108.05438,24.82233],[-108.09296,24.9797],[-108.04936,24.83985],[-108.03712,24.92826],[-108.08555,25.00284],[-108.09214,25.00117]]],[[[-108.06426,25.06541],[-108.06034,25.06878],[-108.06073,25.0702],[-108.06426,25.06541]]],[[[-108.06036,25.07307],[-108.05977,25.0739],[-108.06198,25.07501],[-108.06036,25.07307]]],[[[-108.21953,25.07289],[-108.22105,25.0771],[-108.22286,25.07651],[-108.21953,25.07289]]],[[[-108.2259,25.07606],[-108.2261,25.07787],[-108.23528,25.08311],[-108.2259,25.07606]]],[[[-108.24345,25.0889],[-108.24771,25.09249],[-108.25114,25.09915],[-108.24345,25.0889]]],[[[-108.12742,25.0981],[-108.12813,25.09947],[-108.13726,25.09834],[-108.12742,25.0981]]],[[[-108.14016,25.09752],[-108.13974,25.09955],[-108.1415,25.09862],[-108.14016,25.09752]]],[[[-108.2926,25.11018],[-108.29399,25.11381],[-108.29771,25.11411],[-108.2926,25.11018]]],[[[-108.329,25.12511],[-108.08903,24.81335],[-108.32247,25.12364],[-108.329,25.12511]]],[[[-108.23885,25.1419],[-108.24033,25.14238],[-108.23896,25.13694],[-108.23885,25.1419]]],[[[-108.36824,25.14692],[-108.37063,25.14792],[-108.37436,25.15214],[-108.36824,25.14692]]],[[[-108.23889,25.14838],[-108.24101,25.15316],[-108.24033,25.14762],[-108.23889,25.14838]]],[[[-108.23836,25.15536],[-108.24265,25.1577],[-108.24223,25.15408],[-108.23836,25.15536]]],[[[-108.25069,25.1552],[-108.24892,25.15742],[-108.25035,25.15959],[-108.25069,25.1552]]],[[[-108.36625,25.16174],[-108.3626,25.16629],[-108.36337,25.16869],[-108.36625,25.16174]]],[[[-108.25819,25.17497],[-108.26111,25.17706],[-108.26457,25.17735],[-108.25819,25.17497]]],[[[-108.34709,25.18688],[-108.35008,25.18902],[-108.35244,25.18633],[-108.34709,25.18688]]],[[[-108.25918,25.18754],[-108.25874,25.19068],[-108.26061,25.18723],[-108.25918,25.18754]]],[[[-108.35502,25.19278],[-108.35276,25.19426],[-108.3563,25.19371],[-108.35502,25.19278]]],[[[-108.34067,25.19709],[-108.2703,25.14477],[-108.33328,25.19736],[-108.34067,25.19709]]],[[[-108.50175,25.28534],[-108.5048,25.2866],[-108.50001,25.28461],[-108.50175,25.28534]]],[[[-108.76205,25.37306],[-108.75967,25.37393],[-108.7585,25.37662],[-108.76205,25.37306]]],[[[-108.70438,25.37806],[-108.70701,25.37916],[-108.70128,25.37598],[-108.70438,25.37806]]],[[[-108.72616,25.38276],[-108.73069,25.38437],[-108.72445,25.38063],[-108.72616,25.38276]]],[[[-108.73319,25.38324],[-108.73416,25.38446],[-108.73596,25.3834],[-108.73319,25.38324]]],[[[-108.75339,25.39956],[-108.79333,25.39437],[-108.7457,25.39958],[-108.75339,25.39956]]],[[[-109.01248,25.44354],[-108.80069,25.37385],[-109.00364,25.44122],[-109.01248,25.44354]]],[[[-109.01295,25.44708],[-109.01078,25.45088],[-109.01568,25.45202],[-109.01295,25.44708]]],[[[-108.80209,25.47051],[-108.8057,25.47],[-108.80705,25.46671],[-108.80209,25.47051]]],[[[-108.84198,25.47361],[-108.83849,25.47723],[-108.83792,25.4801],[-108.84198,25.47361]]],[[[-108.874,25.47636],[-108.87219,25.48164],[-108.87396,25.48408],[-108.874,25.47636]]],[[[-108.83948,25.48573],[-108.83994,25.48714],[-108.84167,25.48679],[-108.83948,25.48573]]],[[[-108.80415,25.48946],[-108.80389,25.49175],[-108.80544,25.49047],[-108.80415,25.48946]]],[[[-108.79087,25.49712],[-108.79682,25.5006],[-108.79936,25.49627],[-108.79087,25.49712]]],[[[-108.86496,25.50801],[-108.86496,25.51121],[-108.86641,25.51186],[-108.86496,25.50801]]],[[[-108.84786,25.51086],[-108.87957,25.4867],[-108.84607,25.51076],[-108.84786,25.51086]]],[[[-108.82017,25.51163],[-108.81862,25.51701],[-108.82227,25.51491],[-108.82017,25.51163]]],[[[-108.8823,25.52257],[-108.88396,25.52497],[-108.88548,25.52357],[-108.8823,25.52257]]],[[[-108.81541,25.51775],[-108.81136,25.52135],[-108.81556,25.52295],[-108.81541,25.51775]]],[[[-108.87499,25.5239],[-108.87348,25.52478],[-108.87364,25.52685],[-108.87499,25.5239]]],[[[-109.01433,25.56517],[-109.01304,25.56841],[-109.00986,25.5704],[-109.01433,25.56517]]],[[[-109.08135,25.58494],[-109.08407,25.58618],[-109.08572,25.58481],[-109.08135,25.58494]]],[[[-109.15542,25.58831],[-109.15672,25.59456],[-109.15919,25.59155],[-109.15542,25.58831]]],[[[-108.98296,25.59954],[-108.98184,25.60163],[-108.98347,25.60361],[-108.98296,25.59954]]],[[[-109.10727,25.60074],[-109.11306,25.6051],[-109.11551,25.60238],[-109.10727,25.60074]]],[[[-109.01217,25.61897],[-109.0105,25.62023],[-109.01186,25.62266],[-109.01217,25.61897]]],[[[-109.22363,25.64271],[-109.22191,25.64494],[-109.22289,25.64574],[-109.22363,25.64271]]],[[[-109.3719,25.6534],[-109.37242,25.65541],[-109.37445,25.65478],[-109.3719,25.6534]]],[[[-109.31853,25.65644],[-109.39712,25.6386],[-109.25086,25.63541],[-109.16108,25.56016],[-109.18883,25.62495],[-109.31699,25.65515],[-109.31853,25.65644]]],[[[-109.35426,25.66796],[-109.29639,25.65674],[-109.35423,25.66615],[-109.35426,25.66796]]],[[[-109.38138,25.67248],[-109.38258,25.67569],[-109.38425,25.67529],[-109.38138,25.67248]]],[[[-109.43207,25.80609],[-109.4295,25.80707],[-109.42972,25.80838],[-109.43207,25.80609]]],[[[-109.41009,25.81669],[-109.41365,25.81983],[-109.41172,25.81629],[-109.41009,25.81669]]],[[[-109.42332,25.81756],[-109.41705,25.82014],[-109.42002,25.82136],[-109.42332,25.81756]]],[[[-109.41156,25.83345],[-109.40792,25.83556],[-109.40111,25.8461],[-109.41156,25.83345]]],[[[-109.40702,25.89174],[-109.41251,25.89116],[-109.41299,25.88951],[-109.40702,25.89174]]],[[[-109.42942,25.91489],[-109.43845,25.92093],[-109.43912,25.92391],[-109.42942,25.91489]]],[[[-109.42879,25.92417],[-109.43051,25.92645],[-109.42662,25.91862],[-109.42879,25.92417]]],[[[-109.43814,25.93078],[-109.44227,25.93057],[-109.44124,25.92722],[-109.43814,25.93078]]],[[[-109.43676,25.93273],[-109.44151,25.93495],[-109.42717,25.92724],[-109.43676,25.93273]]],[[[-109.42425,25.93098],[-109.42835,25.93587],[-109.42936,25.93501],[-109.42425,25.93098]]],[[[-109.43387,25.93634],[-109.43576,25.93813],[-109.43805,25.93556],[-109.43387,25.93634]]],[[[-109.44227,25.93704],[-109.43509,25.93877],[-109.4349,25.94064],[-109.44227,25.93704]]],[[[-109.39859,26.04335],[-109.39831,26.04809],[-109.40147,26.05238],[-109.39859,26.04335]]],[[[-109.40533,26.03733],[-109.40194,26.04063],[-109.40194,26.04408],[-109.40533,26.03733]]],[[[-109.37539,26.09891],[-109.3769,26.10095],[-109.37977,26.09725],[-109.37539,26.09891]]],[[[-109.21402,26.339],[-109.20999,26.34301],[-109.21269,26.34183],[-109.21402,26.339]]],[[[-108.50249,26.98736],[-108.42427,26.97623],[-108.67883,26.58702],[-108.87315,26.55107],[-108.91467,26.47954],[-108.83776,26.47252],[-108.88139,26.40625],[-109.00644,26.40237],[-109.13407,26.30136],[-109.08345,26.27046],[-109.11532,26.17836],[-109.20288,26.34475],[-109.28916,26.13811],[-109.23825,26.313],[-109.28743,26.27832],[-109.37519,26.10177],[-109.32014,26.14033],[-109.32912,26.08226],[-109.34642,26.11916],[-109.38825,26.08792],[-109.44568,25.95374],[-109.37863,25.95525],[-109.43387,25.93905],[-109.39836,25.92948],[-109.42848,25.81885],[-109.34903,25.84532],[-109.40339,25.85521],[-109.38822,25.78082],[-109.43068,25.80243],[-109.3953,25.67877],[-109.39737,25.7665],[-109.30833,25.75574],[-109.29372,25.65389],[-109.23456,25.64571],[-109.23874,25.71579],[-109.10388,25.57016],[-109.12313,25.60965],[-109.06053,25.58094],[-108.93602,25.67781],[-108.98401,25.54019],[-109.04677,25.59272],[-109.06065,25.51647],[-109.11837,25.5467],[-109.0437,25.46385],[-108.9775,25.51019],[-108.91568,25.46272],[-108.86285,25.57933],[-108.77623,25.54904],[-108.79218,25.41777],[-108.73345,25.47644],[-108.74089,25.39527],[-108.67072,25.40273],[-108.62035,25.34037],[-108.75316,25.36856],[-108.54008,25.30548],[-108.57023,25.34218],[-108.38704,25.1853],[-108.39961,25.27898],[-108.35624,25.28282],[-108.31806,25.19352],[-108.0523,25.07356],[-107.99259,24.96479],[-108.0075,24.86268],[-107.94987,24.8826],[-108.01747,24.84105],[-107.94043,24.78793],[-107.98733,24.75496],[-107.92697,24.74092],[-107.96297,24.71484],[-108.0688,24.78448],[-108.00025,24.65395],[-107.88014,24.57878],[-107.98198,24.69342],[-107.75497,24.49883],[-107.7017,24.55586],[-107.70689,24.49774],[-107.64434,24.46459],[-107.53909,24.52072],[-107.47543,24.39316],[-107.49879,24.35588],[-107.55859,24.38692],[-107.48771,24.32464],[-107.80967,24.50001],[-107.41594,24.24526],[-107.29521,24.21974],[-107.34094,24.23628],[-107.20642,24.12105],[-107.14309,24.14226],[-107.04862,24.03457],[-107.16453,24.09961],[-106.98802,23.94335],[-107.19198,24.09465],[-106.8909,23.83885],[-106.81081,23.65291],[-106.48351,23.33142],[-106.42937,23.17636],[-106.39715,23.2255],[-106.32709,23.17282],[-106.38046,23.21091],[-106.41909,23.17799],[-106.0015,22.84984],[-105.70184,22.4744],[-105.70483,22.73588],[-105.65685,22.69666],[-105.71778,22.67917],[-105.66658,22.58062],[-105.46084,22.50857],[-105.43693,22.58191],[-105.52477,22.77477],[-105.47459,22.85142],[-105.50126,22.95856],[-105.39231,23.08533],[-105.62397,23.12239],[-105.7693,23.55647],[-105.81164,23.61103],[-105.89266,23.55265],[-105.96127,23.84074],[-105.95366,23.90858],[-105.85759,23.8993],[-105.94542,23.94803],[-105.91214,23.99753],[-105.99872,24.04338],[-106.07584,24.27139],[-106.26887,24.37476],[-106.36754,24.30194],[-106.51709,24.28698],[-106.60159,24.41457],[-106.56002,24.47271],[-106.63007,24.5065],[-106.70595,24.66526],[-106.86585,24.82296],[-106.93066,24.82092],[-106.93451,24.88054],[-107.02105,24.90991],[-107.06357,25.02526],[-107.12989,25.05314],[-107.12106,25.24311],[-107.20782,25.33156],[-107.17155,25.32636],[-107.21013,25.4171],[-107.13929,25.48956],[-107.17388,25.55655],[-106.97329,25.62957],[-106.96532,25.69788],[-107.04313,25.6977],[-107.29613,25.92479],[-107.27635,26.00198],[-107.34653,26.10952],[-107.43104,26.14286],[-107.52002,26.10423],[-107.58203,26.17064],[-107.78069,26.13694],[-107.85402,26.19652],[-108.0128,26.43905],[-107.96102,26.52696],[-108.0816,26.64199],[-108.0057,26.76105],[-108.1431,26.90788],[-108.23024,26.90572],[-108.19507,27.0327],[-108.47997,27.03959],[-108.50419,26.99243],[-108.50249,26.98736]]]]}},{"type":"Feature","properties":{"name":"Sonora","code":"MX-SON","source":"MEX"},"geometry":{"type":"MultiPolygon","coordinates":[[[[-109.20816,26.35021],[-109.21069,26.35032],[-109.21328,26.34508],[-109.20816,26.35021]]],[[[-109.24996,26.33836],[-109.24165,26.40341],[-109.25105,26.33735],[-109.24996,26.33836]]],[[[-109.24331,26.421],[-109.24447,26.42307],[-109.24227,26.42552],[-109.24331,26.421]]],[[[-109.64071,26.69616],[-109.64373,26.69556],[-109.64486,26.69364],[-109.64071,26.69616]]],[[[-109.89968,26.96412],[-109.89942,26.96509],[-109.90119,26.96488],[-109.89968,26.96412]]],[[[-109.92062,26.9743],[-109.92033,26.97842],[-109.92329,26.97935],[-109.92062,26.9743]]],[[[-110.03436,27.08763],[-109.93913,27.01918],[-110.0186,27.08318],[-110.03436,27.08763]]],[[[-110.02212,27.1121],[-110.02153,27.11342],[-110.0241,27.11282],[-110.02212,27.1121]]],[[[-110.27519,27.14592],[-110.27802,27.14659],[-110.26546,27.14319],[-110.27519,27.14592]]],[[[-110.55701,27.38557],[-110.56108,27.38606],[-110.56134,27.38368],[-110.55701,27.38557]]],[[[-110.55694,27.3888],[-110.55627,27.38709],[-110.55452,27.38814],[-110.55694,27.3888]]],[[[-110.55616,27.39274],[-110.55827,27.39357],[-110.55828,27.39011],[-110.55616,27.39274]]],[[[-110.52217,27.39559],[-110.56013,27.3688],[-110.51763,27.394],[-110.52217,27.39559]]],[[[-110.53227,27.39766],[-110.53659,27.39542],[-110.54039,27.3908],[-110.53227,27.39766]]],[[[-110.53846,27.39813],[-110.5392,27.40197],[-110.54072,27.40186],[-110.53846,27.39813]]],[[[-110.55896,27.39549],[-110.55691,27.40033],[-110.55949,27.40305],[-110.55896,27.39549]]],[[[-110.57206,27.40839],[-110.57698,27.41202],[-110.58342,27.41057],[-110.57206,27.40839]]],[[[-110.59047,27.40811],[-110.6021,27.3183],[-110.53779,27.28651],[-110.59289,27.40605],[-110.59047,27.40811]]],[[[-110.5547,27.41842],[-110.55368,27.42108],[-110.55579,27.41932],[-110.5547,27.41842]]],[[[-110.56637,27.42882],[-110.56726,27.43154],[-110.5681,27.42951],[-110.56637,27.42882]]],[[[-110.57402,27.43784],[-110.57692,27.43743],[-110.5754,27.43749],[-110.57402,27.43784]]],[[[-110.57614,27.43379],[-110.58143,27.43787],[-110.588,27.43947],[-110.57614,27.43379]]],[[[-110.57502,27.44291],[-110.57473,27.44442],[-110.57769,27.4455],[-110.57502,27.44291]]],[[[-110.57744,27.45192],[-110.58011,27.45431],[-110.583,27.45396],[-110.57744,27.45192]]],[[[-110.60103,27.55451],[-110.59937,27.55558],[-110.60138,27.5616],[-110.60103,27.55451]]],[[[-110.61313,27.58189],[-110.61462,27.58382],[-110.6092,27.57142],[-110.61313,27.58189]]],[[[-110.61358,27.58634],[-110.61683,27.5894],[-110.61494,27.58454],[-110.61358,27.58634]]],[[[-110.62556,27.6191],[-110.62496,27.62716],[-110.62643,27.62446],[-110.62556,27.6191]]],[[[-110.61053,27.65376],[-110.61276,27.65772],[-110.61221,27.66071],[-110.61053,27.65376]]],[[[-110.59635,27.65986],[-110.59613,27.6696],[-110.59758,27.67035],[-110.59635,27.65986]]],[[[-110.59123,27.67159],[-110.59009,27.67603],[-110.59318,27.67388],[-110.59123,27.67159]]],[[[-110.58391,27.67685],[-110.5851,27.67789],[-110.5879,27.67496],[-110.58391,27.67685]]],[[[-110.57707,27.68231],[-110.57554,27.68327],[-110.58171,27.67978],[-110.57707,27.68231]]],[[[-110.59029,27.6819],[-110.58719,27.68657],[-110.59162,27.68435],[-110.59029,27.6819]]],[[[-110.59248,27.68819],[-110.59469,27.68849],[-110.59162,27.6856],[-110.59248,27.68819]]],[[[-110.58805,27.7396],[-110.58988,27.7424],[-110.59231,27.7432],[-110.58805,27.7396]]],[[[-110.59665,27.74839],[-110.59916,27.75001],[-110.60378,27.74675],[-110.59665,27.74839]]],[[[-110.59056,27.79182],[-110.59119,27.78914],[-110.58793,27.78855],[-110.59056,27.79182]]],[[[-110.61323,27.78374],[-110.61565,27.78941],[-110.61514,27.79632],[-110.61323,27.78374]]],[[[-110.616,27.80109],[-110.61647,27.8019],[-110.61665,27.79637],[-110.616,27.80109]]],[[[-110.60416,27.80487],[-110.60487,27.80775],[-110.60826,27.80419],[-110.60416,27.80487]]],[[[-110.60107,27.80758],[-110.60371,27.8073],[-110.60176,27.80332],[-110.60107,27.80758]]],[[[-110.61555,27.80728],[-110.61595,27.80998],[-110.61631,27.80687],[-110.61555,27.80728]]],[[[-110.57626,27.83083],[-110.57883,27.83419],[-110.57973,27.83073],[-110.57626,27.83083]]],[[[-110.85955,27.87852],[-110.8597,27.88077],[-110.86587,27.87459],[-110.85955,27.87852]]],[[[-110.83643,27.89458],[-110.83348,27.90192],[-110.83961,27.89861],[-110.83643,27.89458]]],[[[-110.96853,27.90853],[-110.96909,27.90967],[-110.97084,27.9092],[-110.96853,27.90853]]],[[[-110.88043,27.90795],[-110.87929,27.91086],[-110.88189,27.90984],[-110.88043,27.90795]]],[[[-110.87138,27.91239],[-110.87466,27.91151],[-110.87487,27.90656],[-110.87138,27.91239]]],[[[-110.94629,27.92867],[-110.94723,27.92961],[-110.94882,27.92865],[-110.94629,27.92867]]],[[[-110.9904,27.93525],[-110.99303,27.93518],[-110.9911,27.93291],[-110.9904,27.93525]]],[[[-111.02875,27.95267],[-111.03209,27.94705],[-111.02913,27.94853],[-111.02875,27.95267]]],[[[-111.12166,27.95264],[-111.11916,27.95959],[-111.12474,27.95267],[-111.12166,27.95264]]],[[[-111.37911,27.97403],[-111.38378,27.98225],[-111.3878,27.98612],[-111.37911,27.97403]]],[[[-112.5567,28.73336],[-112.61203,28.72556],[-112.6028,28.67134],[-112.55449,28.67247],[-112.55278,28.72829],[-112.5567,28.73336]]],[[[-112.29695,28.734],[-112.29553,28.73087],[-112.2971,28.7289],[-112.29695,28.734]]],[[[-111.87717,28.80722],[-111.87604,28.80926],[-111.8774,28.81055],[-111.87717,28.80722]]],[[[-111.96632,28.8088],[-111.96368,28.81596],[-111.96523,28.81666],[-111.96632,28.8088]]],[[[-111.91927,28.81019],[-111.9184,28.81203],[-111.9213,28.81717],[-111.91927,28.81019]]],[[[-112.29472,29.22455],[-112.45656,29.19415],[-112.4895,28.94905],[-112.58359,28.87574],[-112.31019,28.74684],[-112.25395,28.76759],[-112.18936,28.977],[-112.2962,29.22398],[-112.29472,29.22455]]],[[[-114.62156,31.75661],[-114.67782,31.75603],[-114.603,31.75295],[-114.62156,31.75661]]],[[[-114.96476,31.91768],[-114.16923,31.49883],[-114.02588,31.49223],[-113.95622,31.56241],[-113.99412,31.56786],[-113.97504,31.65527],[-113.65531,31.49625],[-113.62461,31.32799],[-113.11027,31.19962],[-113.05896,31.07235],[-113.09194,30.99527],[-113.12841,31.05891],[-113.08427,30.67848],[-112.86463,30.41392],[-112.8644,30.26816],[-112.75961,30.19856],[-112.74676,29.91482],[-112.66649,29.89298],[-112.38054,29.4867],[-112.4104,29.34592],[-112.3349,29.2918],[-112.32295,29.34072],[-112.23206,29.30625],[-112.17175,28.9683],[-111.91595,28.79082],[-111.84703,28.79684],[-111.87583,28.74409],[-111.90015,28.78718],[-111.95037,28.75798],[-111.77554,28.60882],[-111.71094,28.45857],[-111.42835,28.37206],[-111.45141,28.30793],[-111.10498,27.93675],[-110.97164,27.97247],[-110.95035,27.86849],[-110.88387,27.83945],[-110.85583,27.8999],[-110.90721,27.89759],[-110.84838,27.98501],[-110.7992,27.92055],[-110.85321,27.91234],[-110.51241,27.85942],[-110.5903,27.8453],[-110.6076,27.7295],[-110.54739,27.73304],[-110.60311,27.72148],[-110.6075,27.6603],[-110.56021,27.6663],[-110.62624,27.61859],[-110.59095,27.43942],[-110.56433,27.4856],[-110.55668,27.39423],[-110.51376,27.41114],[-110.5377,27.37104],[-110.49039,27.37753],[-110.45599,27.30157],[-110.52223,27.29091],[-110.28803,27.14831],[-110.06084,27.08237],[-110.011,27.12679],[-109.92538,27.07016],[-109.88791,26.93009],[-109.9465,26.99601],[-109.7668,26.708],[-109.49535,26.67029],[-109.60132,26.72097],[-109.53975,26.69132],[-109.52845,26.7585],[-109.50768,26.72181],[-109.47637,26.75798],[-109.43048,26.67192],[-109.48618,26.68353],[-109.27378,26.51508],[-109.26004,26.31983],[-109.25716,26.4731],[-109.11969,26.30297],[-109.00644,26.40237],[-108.88139,26.40625],[-108.83776,26.47252],[-108.91467,26.47954],[-108.87315,26.55107],[-108.67883,26.58702],[-108.42427,26.97623],[-108.60228,27.03694],[-108.66258,27.21954],[-108.59105,27.31808],[-108.65241,27.53703],[-108.73985,27.59995],[-108.78449,27.73047],[-108.89552,27.74481],[-108.86914,27.83929],[-109.0319,28.01829],[-109.07289,28.14857],[-109.0687,28.28614],[-108.79166,28.25362],[-108.4797,28.36955],[-108.58379,28.74014],[-108.7098,28.88952],[-108.69853,29.12774],[-108.76189,29.25388],[-108.66973,29.30742],[-108.71775,29.46595],[-108.62516,29.50103],[-108.6591,29.71613],[-108.53496,29.75136],[-108.63572,29.82968],[-108.62022,30.29823],[-108.5422,30.28351],[-108.62206,30.34032],[-108.64865,30.41686],[-108.60384,30.46511],[-108.66477,30.46815],[-108.67779,30.55707],[-108.87647,30.62457],[-108.86693,30.68939],[-108.9483,30.73691],[-108.93924,30.90757],[-108.80239,30.9041],[-108.80326,31.00483],[-108.68381,31.00597],[-108.84564,31.13558],[-108.80502,31.19296],[-108.90665,31.20805],[-108.75592,31.33242],[-111.07502,31.33238],[-114.81357,32.49391],[-114.93512,32.48175],[-114.96659,32.33879],[-115.05302,32.24517],[-114.97532,32.178],[-114.96743,31.99688],[-114.96476,31.91768]]]]}},{"type":"Feature","properties":{"name":"Tabasco","code":"MX-TAB","source":"MEX"},"geometry":{"type":"MultiPolygon","coordinates":[[[[-93.40299,17.68606],[-93.41053,17.68925],[-93.40887,17.68383],[-93.40299,17.68606]]],[[[-93.40795,17.69276],[-93.4115,17.69874],[-93.41604,17.70178],[-93.40795,17.69276]]],[[[-93.41418,17.72723],[-93.41101,17.74676],[-93.41523,17.73683],[-93.41418,17.72723]]],[[[-93.40809,17.75671],[-93.40734,17.76095],[-93.41021,17.75772],[-93.40809,17.75671]]],[[[-93.40787,17.76349],[-93.40624,17.77241],[-93.40342,17.77796],[-93.40787,17.76349]]],[[[-93.35281,17.93949],[-93.35027,17.94528],[-93.35306,17.94265],[-93.35281,17.93949]]],[[[-93.2981,17.94708],[-93.34765,17.94154],[-93.40064,17.78629],[-93.38237,17.64475],[-93.39055,17.7734],[-93.34914,17.76709],[-93.3409,17.93033],[-93.29553,17.94125],[-93.2981,17.94708]]],[[[-93.32531,17.95142],[-93.33274,17.95106],[-93.33747,17.94688],[-93.32531,17.95142]]],[[[-93.30193,17.94875],[-93.29674,17.95124],[-93.29627,17.95395],[-93.30193,17.94875]]],[[[-93.33806,17.95151],[-93.33603,17.95413],[-93.34121,17.95496],[-93.33806,17.95151]]],[[[-94.06352,17.99081],[-94.06563,17.99695],[-94.06673,17.99282],[-94.06352,17.99081]]],[[[-93.22532,18.02583],[-93.26817,18.00881],[-93.22289,18.02011],[-93.22532,18.02583]]],[[[-93.20087,18.0215],[-93.20603,18.02912],[-93.20898,18.0299],[-93.20087,18.0215]]],[[[-92.18608,18.10555],[-92.18898,18.10921],[-92.19608,18.11294],[-92.18608,18.10555]]],[[[-92.18292,18.14179],[-92.18058,18.14391],[-92.17955,18.14975],[-92.18292,18.14179]]],[[[-92.95542,18.16149],[-92.95796,18.1654],[-92.95719,18.15754],[-92.95542,18.16149]]],[[[-92.5937,18.1732],[-92.59398,18.17578],[-92.59433,18.17222],[-92.5937,18.1732]]],[[[-92.95379,18.19006],[-92.95089,18.19937],[-92.95302,18.19753],[-92.95379,18.19006]]],[[[-92.20321,18.20304],[-92.19835,18.21264],[-92.20247,18.20863],[-92.20321,18.20304]]],[[[-92.20221,18.21045],[-92.19741,18.21533],[-92.19688,18.22196],[-92.20221,18.21045]]],[[[-93.67513,18.3527],[-93.67766,18.35159],[-93.67505,18.3504],[-93.67513,18.3527]]],[[[-93.61325,18.37329],[-93.61565,18.37537],[-93.61561,18.37378],[-93.61325,18.37329]]],[[[-92.97181,18.37209],[-92.97904,18.38057],[-92.98175,18.3869],[-92.97181,18.37209]]],[[[-92.98267,18.38687],[-92.98132,18.39879],[-92.98201,18.40099],[-92.98267,18.38687]]],[[[-92.98563,18.3985],[-92.9858,18.40212],[-92.99077,18.40472],[-92.98563,18.3985]]],[[[-93.11209,18.40794],[-93.10948,18.41009],[-93.11281,18.41073],[-93.11209,18.40794]]],[[[-93.13973,18.41608],[-93.13937,18.41862],[-93.14109,18.4193],[-93.13973,18.41608]]],[[[-93.14429,18.41698],[-93.14251,18.41868],[-93.14258,18.42087],[-93.14429,18.41698]]],[[[-93.15719,18.41231],[-93.15198,18.41791],[-93.15278,18.42152],[-93.15719,18.41231]]],[[[-93.13389,18.42215],[-93.14178,18.42165],[-93.13625,18.41524],[-93.13389,18.42215]]],[[[-93.15039,18.41687],[-93.14937,18.42132],[-93.15086,18.42285],[-93.15039,18.41687]]],[[[-93.13238,18.43646],[-93.13707,18.43873],[-93.14283,18.43589],[-93.13238,18.43646]]],[[[-93.4892,17.53806],[-93.38919,17.6391],[-93.42027,17.73273],[-93.34622,17.95466],[-93.25121,18.02595],[-93.04573,18.01956],[-93.02346,18.06617],[-93.03434,18.0243],[-92.95403,18.1465],[-92.88408,18.31577],[-92.96522,18.36841],[-92.98693,18.32399],[-93.01676,18.42029],[-93.14094,18.44194],[-93.06352,18.39771],[-93.12026,18.33085],[-93.10793,18.38587],[-93.16778,18.36672],[-93.14879,18.42765],[-93.19472,18.43016],[-93.14412,18.43928],[-93.19836,18.45314],[-93.84629,18.3059],[-93.51663,18.40195],[-93.57717,18.36004],[-93.44902,18.17072],[-93.54047,18.26002],[-93.55049,18.36519],[-93.7538,18.31466],[-93.70069,18.234],[-93.87114,18.24479],[-93.85131,18.29984],[-94.12975,18.21252],[-94.05639,18.19836],[-94.12791,18.18282],[-94.07065,17.97272],[-93.94906,17.94002],[-94.07527,17.94295],[-94.07271,17.9877],[-94.08343,17.86987],[-93.96779,17.84525],[-93.94011,17.75317],[-93.73851,17.67937],[-93.6135,17.55221],[-93.69492,17.3878],[-93.6415,17.31795],[-93.49428,17.53126],[-93.4892,17.53806]]],[[[-92.33103,18.46112],[-92.19295,18.26616],[-92.19511,18.11507],[-92.13775,18.08599],[-92.17615,18.45823],[-92.32253,18.47308],[-92.33103,18.46112]]],[[[-92.66114,18.53613],[-92.66166,18.54436],[-92.66387,18.54958],[-92.66114,18.53613]]],[[[-91.96618,18.01592],[-92.04074,18.09739],[-92.12073,18.10131],[-92.15421,17.98004],[-92.01784,17.91745],[-92.01419,17.98618],[-92.00013,17.94305],[-92.15069,17.97449],[-92.1361,18.08129],[-92.1979,18.11193],[-92.20284,18.2333],[-92.64733,18.39632],[-92.66799,18.23094],[-92.54732,18.24324],[-92.63142,18.19389],[-92.44413,18.16237],[-92.44496,18.23264],[-92.38149,18.19188],[-92.45262,18.2021],[-92.44467,18.09893],[-92.44497,18.16116],[-92.53513,18.16096],[-92.51236,18.0856],[-92.58561,18.12776],[-92.53664,18.167],[-92.62653,18.16603],[-92.65727,18.21873],[-92.63796,18.15294],[-92.53197,18.05724],[-92.39821,18.0308],[-92.44957,18.00071],[-92.40802,18.05403],[-92.58472,18.10544],[-92.6097,18.06353],[-92.55993,18.02302],[-92.65211,18.08094],[-92.67017,18.041],[-92.70082,18.07003],[-92.62064,18.05674],[-92.58835,18.11505],[-92.6605,18.20896],[-92.65059,18.16161],[-92.67187,18.21214],[-92.6904,18.17229],[-92.67584,18.23349],[-92.76306,18.04158],[-92.9209,17.98199],[-92.87692,17.82293],[-92.92249,17.98227],[-92.71741,18.09246],[-92.65414,18.28566],[-92.70053,18.59543],[-92.85261,18.45686],[-93.08849,18.44181],[-92.83655,18.35963],[-92.98071,18.40099],[-92.8835,18.30346],[-93.02846,18.02699],[-93.27653,17.98249],[-93.09138,17.89756],[-93.11564,17.82221],[-93.02544,17.82542],[-93.04053,17.60983],[-92.94812,17.48274],[-92.83155,17.48086],[-92.85426,17.4112],[-92.78579,17.41753],[-92.75418,17.3433],[-92.57141,17.54961],[-92.35067,17.61793],[-92.33735,17.71209],[-92.27462,17.69226],[-92.1945,17.77664],[-92.13083,17.76608],[-92.14658,17.81468],[-92.00336,17.89052],[-91.99989,17.94334],[-91.94841,17.86331],[-91.80927,17.89685],[-91.78225,17.78248],[-91.83066,17.73768],[-91.65474,17.67616],[-91.63429,17.53462],[-91.70014,17.46752],[-91.41983,17.37407],[-91.38366,17.31118],[-91.4397,17.25097],[-90.98746,17.25139],[-90.98795,17.96255],[-91.21746,17.97499],[-91.50404,18.11646],[-91.50934,18.17105],[-91.6095,18.09844],[-91.63881,17.87395],[-91.94012,18.01256],[-91.96618,18.01592]]],[[[-92.69596,18.60303],[-92.69777,18.60426],[-92.70082,18.60355],[-92.69596,18.60303]]],[[[-92.46817,18.64774],[-92.69128,18.61452],[-92.64747,18.39907],[-92.3052,18.24328],[-92.19368,18.25553],[-92.32372,18.4578],[-92.41434,18.48591],[-92.46994,18.64606],[-92.46817,18.64774]]]]}},{"type":"Feature","properties":{"name":"Tamaulipas","code":"MX-TAM","source":"MEX"},"geometry":{"type":"MultiPolygon","coordinates":[[[[-97.8593,22.62479],[-97.86074,22.62712],[-97.868,22.62311],[-97.8593,22.62479]]],[[[-97.84187,22.67892],[-97.84319,22.68085],[-97.84304,22.67853],[-97.84187,22.67892]]],[[[-97.84588,22.67991],[-97.84666,22.68155],[-97.84855,22.68083],[-97.84588,22.67991]]],[[[-97.84409,22.68396],[-97.8474,22.68376],[-97.8438,22.68255],[-97.84409,22.68396]]],[[[-97.83993,22.68063],[-97.84135,22.68519],[-97.83988,22.68585],[-97.83993,22.68063]]],[[[-97.82716,22.70653],[-97.8263,22.70845],[-97.82975,22.70822],[-97.82716,22.70653]]],[[[-97.83121,22.71053],[-97.83224,22.71124],[-97.83261,22.70873],[-97.83121,22.71053]]],[[[-97.79153,22.79325],[-97.79236,22.79514],[-97.79441,22.79263],[-97.79153,22.79325]]],[[[-97.78945,22.81836],[-97.79178,22.82138],[-97.79361,22.81609],[-97.78945,22.81836]]],[[[-97.7854,22.82437],[-97.7855,22.82749],[-97.78717,22.82641],[-97.7854,22.82437]]],[[[-97.77678,22.91061],[-97.77364,22.91232],[-97.77373,22.91385],[-97.77678,22.91061]]],[[[-97.75904,23.57178],[-97.76005,23.5745],[-97.76268,23.57588],[-97.75904,23.57178]]],[[[-97.76399,23.58512],[-97.76747,23.58703],[-97.76735,23.58378],[-97.76399,23.58512]]],[[[-97.76167,23.63129],[-97.76006,23.63935],[-97.76283,23.6444],[-97.76167,23.63129]]],[[[-97.74734,23.81621],[-97.74631,23.82139],[-97.74989,23.827],[-97.74734,23.81621]]],[[[-97.74424,23.8269],[-97.74152,23.82903],[-97.74541,23.83261],[-97.74424,23.8269]]],[[[-97.74212,23.83614],[-97.74348,23.84169],[-97.74396,23.83729],[-97.74212,23.83614]]],[[[-97.74912,23.88705],[-97.74893,23.89377],[-97.75085,23.8974],[-97.74912,23.88705]]],[[[-97.74615,23.92483],[-97.75317,23.93504],[-97.75736,23.92096],[-97.74615,23.92483]]],[[[-97.73788,24.08221],[-97.73701,24.08664],[-97.73879,24.08967],[-97.73788,24.08221]]],[[[-97.75564,24.06723],[-97.7542,24.07264],[-97.75497,24.07716],[-97.75564,24.06723]]],[[[-97.79405,24.09264],[-97.79672,24.09673],[-97.79929,24.09732],[-97.79405,24.09264]]],[[[-97.75895,24.09834],[-97.75446,24.10546],[-97.75564,24.10998],[-97.75895,24.09834]]],[[[-97.75214,24.09874],[-97.74743,24.11187],[-97.7487,24.11526],[-97.75214,24.09874]]],[[[-97.74926,24.12587],[-97.75154,24.13501],[-97.75304,24.13261],[-97.74926,24.12587]]],[[[-97.73516,24.11643],[-97.73283,24.12086],[-97.73549,24.12531],[-97.73516,24.11643]]],[[[-97.75375,24.1363],[-97.75305,24.14051],[-97.75466,24.14285],[-97.75375,24.1363]]],[[[-97.75676,24.13866],[-97.75597,24.14399],[-97.75745,24.14446],[-97.75676,24.13866]]],[[[-97.73808,24.12865],[-97.73656,24.14903],[-97.73759,24.15235],[-97.73808,24.12865]]],[[[-97.76196,24.15149],[-97.75996,24.15509],[-97.76348,24.15643],[-97.76196,24.15149]]],[[[-97.74402,24.25904],[-97.74211,24.2606],[-97.74291,24.26219],[-97.74402,24.25904]]],[[[-97.72057,24.2727],[-97.7398,24.2204],[-97.72124,24.27089],[-97.72057,24.2727]]],[[[-97.74634,24.28186],[-97.74576,24.29088],[-97.74832,24.2882],[-97.74634,24.28186]]],[[[-97.73637,24.28539],[-97.74074,24.29205],[-97.74181,24.29175],[-97.73637,24.28539]]],[[[-97.72643,24.29472],[-97.73023,24.29964],[-97.73364,24.28811],[-97.72643,24.29472]]],[[[-97.74632,24.29127],[-97.74474,24.29449],[-97.74474,24.30171],[-97.74632,24.29127]]],[[[-97.74477,24.3034],[-97.7453,24.30509],[-97.74691,24.3041],[-97.74477,24.3034]]],[[[-97.72546,24.30035],[-97.72643,24.30239],[-97.72415,24.30877],[-97.72546,24.30035]]],[[[-97.72026,24.32069],[-97.72093,24.32165],[-97.71875,24.32423],[-97.72026,24.32069]]],[[[-97.79812,24.34303],[-97.79944,24.3462],[-97.79818,24.34901],[-97.79812,24.34303]]],[[[-97.71918,24.34902],[-97.71793,24.35132],[-97.71927,24.35223],[-97.71918,24.34902]]],[[[-97.81623,24.35694],[-97.81571,24.35897],[-97.81645,24.35943],[-97.81623,24.35694]]],[[[-97.71789,24.35787],[-97.71577,24.35992],[-97.71451,24.36631],[-97.71789,24.35787]]],[[[-97.7906,24.38628],[-97.7908,24.39018],[-97.79283,24.3841],[-97.7906,24.38628]]],[[[-97.81874,24.39453],[-97.81526,24.39766],[-97.81732,24.4023],[-97.81874,24.39453]]],[[[-97.78767,24.40269],[-97.78877,24.40365],[-97.79453,24.39896],[-97.78767,24.40269]]],[[[-97.70387,24.39664],[-97.70498,24.40087],[-97.70393,24.40763],[-97.70387,24.39664]]],[[[-97.68693,24.47624],[-97.69844,24.47649],[-97.70179,24.47366],[-97.68693,24.47624]]],[[[-97.68125,24.47681],[-97.71783,24.27825],[-97.68626,24.45608],[-97.68125,24.47681]]],[[[-97.69408,24.4792],[-97.69283,24.48111],[-97.69579,24.48182],[-97.69408,24.4792]]],[[[-97.84184,24.50545],[-97.84001,24.50769],[-97.84079,24.51184],[-97.84184,24.50545]]],[[[-97.84986,24.51823],[-97.85423,24.51759],[-97.85509,24.51263],[-97.84986,24.51823]]],[[[-97.83576,24.55103],[-97.83624,24.55261],[-97.83736,24.55183],[-97.83576,24.55103]]],[[[-97.71377,24.57817],[-97.71385,24.58246],[-97.70777,24.59076],[-97.71377,24.57817]]],[[[-97.68119,24.60667],[-97.69823,24.6071],[-97.70612,24.6013],[-97.68119,24.60667]]],[[[-97.68698,24.61936],[-97.68722,24.62066],[-97.68871,24.62028],[-97.68698,24.61936]]],[[[-97.70501,24.60778],[-97.71173,24.60846],[-97.71619,24.61216],[-97.70501,24.60778]]],[[[-97.69312,24.64656],[-97.69511,24.64534],[-97.69308,24.64521],[-97.69312,24.64656]]],[[[-97.69326,24.65147],[-97.69528,24.65268],[-97.69823,24.65058],[-97.69326,24.65147]]],[[[-97.69943,24.66423],[-97.69743,24.66686],[-97.69827,24.66794],[-97.69943,24.66423]]],[[[-97.69833,24.67483],[-97.69753,24.68108],[-97.69991,24.6771],[-97.69833,24.67483]]],[[[-97.70363,24.67572],[-97.70403,24.6791],[-97.70065,24.68269],[-97.70363,24.67572]]],[[[-97.69711,24.697],[-97.69734,24.69891],[-97.69936,24.7],[-97.69711,24.697]]],[[[-97.63479,24.69348],[-97.63611,24.6962],[-97.63438,24.69742],[-97.63479,24.69348]]],[[[-97.63627,24.70523],[-97.6355,24.70748],[-97.63747,24.70851],[-97.63627,24.70523]]],[[[-97.69675,24.70202],[-97.69837,24.71196],[-97.6999,24.70515],[-97.69675,24.70202]]],[[[-97.70957,24.71127],[-97.7075,24.71312],[-97.70817,24.71493],[-97.70957,24.71127]]],[[[-97.63351,24.70905],[-97.63024,24.71398],[-97.63219,24.71648],[-97.63351,24.70905]]],[[[-97.6512,24.69763],[-97.64719,24.70826],[-97.64132,24.71595],[-97.6512,24.69763]]],[[[-97.70115,24.71876],[-97.70058,24.72005],[-97.7041,24.72019],[-97.70115,24.71876]]],[[[-97.69231,24.73428],[-97.69663,24.73421],[-97.69863,24.7313],[-97.69231,24.73428]]],[[[-97.70458,24.74184],[-97.70481,24.74399],[-97.70789,24.74435],[-97.70458,24.74184]]],[[[-97.71369,24.74302],[-97.71434,24.74501],[-97.71481,24.74112],[-97.71369,24.74302]]],[[[-97.69485,24.73826],[-97.69138,24.73981],[-97.69443,24.74424],[-97.69485,24.73826]]],[[[-97.68378,24.74572],[-97.68782,24.74881],[-97.68956,24.74792],[-97.68378,24.74572]]],[[[-97.71393,24.74655],[-97.71217,24.7497],[-97.71302,24.75072],[-97.71393,24.74655]]],[[[-97.69729,24.75442],[-97.69293,24.75664],[-97.6928,24.75822],[-97.69729,24.75442]]],[[[-97.68655,24.76393],[-97.68953,24.76361],[-97.69131,24.75855],[-97.68655,24.76393]]],[[[-97.69125,24.76362],[-97.69321,24.76612],[-97.69689,24.76215],[-97.69125,24.76362]]],[[[-97.71301,24.7637],[-97.71127,24.76537],[-97.71174,24.76719],[-97.71301,24.7637]]],[[[-97.69705,24.76469],[-97.69801,24.76696],[-97.70049,24.76754],[-97.69705,24.76469]]],[[[-97.69519,24.77687],[-97.69318,24.78046],[-97.69403,24.78216],[-97.69519,24.77687]]],[[[-97.61075,24.78483],[-97.60943,24.7882],[-97.61384,24.78855],[-97.61075,24.78483]]],[[[-97.6102,24.79314],[-97.60953,24.79551],[-97.61501,24.79762],[-97.6102,24.79314]]],[[[-97.69326,24.79627],[-97.69568,24.80148],[-97.70011,24.8031],[-97.69326,24.79627]]],[[[-97.60559,24.80428],[-97.60984,24.80379],[-97.61052,24.79887],[-97.60559,24.80428]]],[[[-97.70309,24.80256],[-97.6966,24.80758],[-97.69708,24.80894],[-97.70309,24.80256]]],[[[-97.68848,24.81541],[-97.69207,24.81533],[-97.69482,24.81264],[-97.68848,24.81541]]],[[[-97.70653,24.81692],[-97.7105,24.81616],[-97.71159,24.81719],[-97.70653,24.81692]]],[[[-97.67587,24.81541],[-97.67548,24.81721],[-97.67337,24.81799],[-97.67587,24.81541]]],[[[-97.65752,24.82078],[-97.65867,24.82857],[-97.661,24.82962],[-97.65752,24.82078]]],[[[-97.73727,24.83457],[-97.73949,24.83481],[-97.73808,24.83345],[-97.73727,24.83457]]],[[[-97.72005,24.83634],[-97.72286,24.84065],[-97.72415,24.83468],[-97.72005,24.83634]]],[[[-97.70915,24.83862],[-97.70937,24.84076],[-97.70941,24.83647],[-97.70915,24.83862]]],[[[-97.72497,24.83931],[-97.72679,24.84283],[-97.72963,24.84263],[-97.72497,24.83931]]],[[[-97.67842,24.85528],[-97.72675,24.85209],[-97.68155,24.85147],[-97.67842,24.85528]]],[[[-97.70244,24.85357],[-97.70252,24.85763],[-97.70448,24.85855],[-97.70244,24.85357]]],[[[-97.72867,24.8644],[-97.72963,24.86679],[-97.73028,24.86442],[-97.72867,24.8644]]],[[[-97.72339,24.86109],[-97.72473,24.86313],[-97.7226,24.86515],[-97.72339,24.86109]]],[[[-97.71443,24.86564],[-97.71377,24.86969],[-97.7187,24.87166],[-97.71443,24.86564]]],[[[-97.7234,24.88457],[-97.7267,24.88776],[-97.72907,24.88625],[-97.7234,24.88457]]],[[[-97.65134,24.89005],[-97.65066,24.89207],[-97.65205,24.89291],[-97.65134,24.89005]]],[[[-97.613,24.89656],[-97.61548,24.89658],[-97.61388,24.89611],[-97.613,24.89656]]],[[[-97.58415,24.93615],[-97.58223,24.93877],[-97.58453,24.94624],[-97.58415,24.93615]]],[[[-97.57528,24.94058],[-97.57383,24.94418],[-97.57782,24.94843],[-97.57528,24.94058]]],[[[-97.60778,24.92134],[-97.60204,24.92524],[-97.60081,24.93584],[-97.60778,24.92134]]],[[[-97.58549,24.95276],[-97.58706,24.95594],[-97.58814,24.95296],[-97.58549,24.95276]]],[[[-97.56757,24.96071],[-97.56575,24.96776],[-97.56894,24.97101],[-97.56757,24.96071]]],[[[-97.54749,24.96774],[-97.69212,24.47896],[-97.54812,24.96629],[-97.54749,24.96774]]],[[[-97.58503,24.95959],[-97.5814,24.96373],[-97.58117,24.96784],[-97.58503,24.95959]]],[[[-97.56214,24.96924],[-97.56328,24.97315],[-97.56624,24.97402],[-97.56214,24.96924]]],[[[-97.55518,24.97138],[-97.55088,24.97342],[-97.55669,24.97422],[-97.55518,24.97138]]],[[[-97.60958,24.97068],[-97.61114,24.97442],[-97.61349,24.97501],[-97.60958,24.97068]]],[[[-97.67702,24.97491],[-97.68133,24.97754],[-97.67988,24.97346],[-97.67702,24.97491]]],[[[-97.66895,24.97732],[-97.66855,24.97923],[-97.67075,24.98219],[-97.66895,24.97732]]],[[[-97.54913,24.98588],[-97.55016,24.98803],[-97.55312,24.98896],[-97.54913,24.98588]]],[[[-97.60824,24.98974],[-97.60969,24.99371],[-97.6118,24.99396],[-97.60824,24.98974]]],[[[-97.59831,24.99225],[-97.59878,24.99519],[-97.60025,24.99644],[-97.59831,24.99225]]],[[[-97.64858,24.99339],[-97.65174,24.9985],[-97.65446,24.99897],[-97.64858,24.99339]]],[[[-97.68951,25.00259],[-97.69172,25.00464],[-97.69501,25.00377],[-97.68951,25.00259]]],[[[-97.53626,25.00317],[-97.5457,24.96595],[-97.53454,25.00179],[-97.53626,25.00317]]],[[[-97.55896,25.02122],[-97.56337,25.02566],[-97.56941,25.02855],[-97.55896,25.02122]]],[[[-97.71684,25.02706],[-97.71781,25.02922],[-97.71734,25.02639],[-97.71684,25.02706]]],[[[-97.57383,25.03197],[-97.5817,25.03667],[-97.57261,25.03021],[-97.57383,25.03197]]],[[[-97.54828,25.03409],[-97.54948,25.0376],[-97.54823,25.03883],[-97.54828,25.03409]]],[[[-97.70854,25.05126],[-97.7074,25.05351],[-97.70954,25.0507],[-97.70854,25.05126]]],[[[-97.54306,25.04691],[-97.54205,25.0583],[-97.53901,25.06436],[-97.54306,25.04691]]],[[[-97.53664,25.07573],[-97.53611,25.07901],[-97.53312,25.08044],[-97.53664,25.07573]]],[[[-97.52787,25.09428],[-97.52359,25.09943],[-97.52395,25.10089],[-97.52787,25.09428]]],[[[-97.49836,25.13653],[-97.49607,25.14011],[-97.49729,25.14273],[-97.49836,25.13653]]],[[[-97.50562,25.13496],[-97.50224,25.143],[-97.50244,25.14695],[-97.50562,25.13496]]],[[[-97.73236,25.14447],[-97.73232,25.14786],[-97.73851,25.14915],[-97.73236,25.14447]]],[[[-97.49452,25.14608],[-97.4962,25.15072],[-97.50033,25.14648],[-97.49452,25.14608]]],[[[-97.74132,25.15313],[-97.74193,25.15404],[-97.74604,25.1517],[-97.74132,25.15313]]],[[[-97.69998,25.15192],[-97.69938,25.15502],[-97.70349,25.15449],[-97.69998,25.15192]]],[[[-97.73535,25.15421],[-97.73286,25.15599],[-97.73469,25.15894],[-97.73535,25.15421]]],[[[-97.7336,25.16829],[-97.73345,25.1701],[-97.73559,25.16775],[-97.7336,25.16829]]],[[[-97.73432,25.18207],[-97.73526,25.17542],[-97.73963,25.1732],[-97.73432,25.18207]]],[[[-97.48296,25.17835],[-97.48277,25.18343],[-97.48423,25.18536],[-97.48296,25.17835]]],[[[-97.73645,25.18085],[-97.73519,25.18242],[-97.73635,25.19005],[-97.73645,25.18085]]],[[[-97.49229,25.16603],[-97.47628,25.20582],[-97.49355,25.16436],[-97.49229,25.16603]]],[[[-97.7362,25.20523],[-97.73829,25.20615],[-97.73895,25.20322],[-97.7362,25.20523]]],[[[-97.47044,25.20723],[-97.46723,25.216],[-97.46846,25.2168],[-97.47044,25.20723]]],[[[-97.46483,25.21914],[-97.46278,25.22476],[-97.46377,25.225],[-97.46483,25.21914]]],[[[-97.44399,25.23856],[-97.53488,25.00552],[-97.43595,25.23587],[-97.44399,25.23856]]],[[[-97.4597,25.24244],[-97.46516,25.24227],[-97.46334,25.23977],[-97.4597,25.24244]]],[[[-97.44847,25.24752],[-97.44313,25.25717],[-97.44597,25.25844],[-97.44847,25.24752]]],[[[-97.66196,25.25514],[-97.6976,25.22738],[-97.66812,25.24718],[-97.66196,25.25514]]],[[[-97.44286,25.26355],[-97.44432,25.2665],[-97.44581,25.26584],[-97.44286,25.26355]]],[[[-97.43781,25.26558],[-97.43539,25.26646],[-97.43699,25.27144],[-97.43781,25.26558]]],[[[-97.44277,25.27077],[-97.44422,25.27327],[-97.44477,25.27011],[-97.44277,25.27077]]],[[[-97.43778,25.2723],[-97.4385,25.27411],[-97.44123,25.27459],[-97.43778,25.2723]]],[[[-97.43293,25.27805],[-97.43291,25.27997],[-97.43501,25.28123],[-97.43293,25.27805]]],[[[-97.42599,25.28188],[-97.4262,25.28504],[-97.42749,25.28087],[-97.42599,25.28188]]],[[[-97.58988,25.28505],[-97.65626,25.26005],[-97.59205,25.27955],[-97.58988,25.28505]]],[[[-97.60921,25.28839],[-97.61052,25.29247],[-97.61304,25.28945],[-97.60921,25.28839]]],[[[-97.47995,25.29531],[-97.48331,25.29466],[-97.48222,25.29217],[-97.47995,25.29531]]],[[[-97.41915,25.29219],[-97.42085,25.29559],[-97.42166,25.29109],[-97.41915,25.29219]]],[[[-97.57517,25.29524],[-97.57609,25.2961],[-97.58256,25.2948],[-97.57517,25.29524]]],[[[-97.42385,25.29382],[-97.42206,25.29809],[-97.42606,25.29587],[-97.42385,25.29382]]],[[[-97.60171,25.30322],[-97.60207,25.30447],[-97.60507,25.30269],[-97.60171,25.30322]]],[[[-97.59034,25.30955],[-97.59115,25.31373],[-97.59318,25.31116],[-97.59034,25.30955]]],[[[-97.42981,25.30815],[-97.42929,25.31097],[-97.42539,25.3151],[-97.42981,25.30815]]],[[[-97.6533,25.31995],[-97.65332,25.31849],[-97.64561,25.31363],[-97.6533,25.31995]]],[[[-97.52912,25.3208],[-97.53732,25.3201],[-97.53859,25.3183],[-97.52912,25.3208]]],[[[-97.6228,25.31573],[-97.62437,25.31969],[-97.6272,25.32164],[-97.6228,25.31573]]],[[[-97.41709,25.31287],[-97.41638,25.32031],[-97.41981,25.32362],[-97.41709,25.31287]]],[[[-97.47412,25.319],[-97.51724,25.2866],[-97.4869,25.31078],[-97.47412,25.319]]],[[[-97.63684,25.3259],[-97.64014,25.32486],[-97.63947,25.32378],[-97.63684,25.3259]]],[[[-97.542,25.32341],[-97.5411,25.32566],[-97.54221,25.32657],[-97.542,25.32341]]],[[[-97.40278,25.3249],[-97.40244,25.3271],[-97.40521,25.32899],[-97.40278,25.3249]]],[[[-97.52227,25.33191],[-97.52486,25.33317],[-97.5234,25.33113],[-97.52227,25.33191]]],[[[-97.52984,25.33221],[-97.53243,25.33472],[-97.53422,25.33055],[-97.52984,25.33221]]],[[[-97.43748,25.33459],[-97.43794,25.3373],[-97.44024,25.33236],[-97.43748,25.33459]]],[[[-97.40733,25.33759],[-97.41107,25.33628],[-97.40962,25.33355],[-97.40733,25.33759]]],[[[-97.49968,25.34116],[-97.50084,25.34309],[-97.50131,25.3405],[-97.49968,25.34116]]],[[[-97.64029,25.33925],[-97.641,25.34276],[-97.64348,25.34311],[-97.64029,25.33925]]],[[[-97.53189,25.33843],[-97.53109,25.34261],[-97.53328,25.34579],[-97.53189,25.33843]]],[[[-97.51355,25.34423],[-97.51942,25.34683],[-97.5195,25.34531],[-97.51355,25.34423]]],[[[-97.47644,25.34284],[-97.47504,25.34542],[-97.47872,25.34885],[-97.47644,25.34284]]],[[[-97.42652,25.34276],[-97.44496,25.29946],[-97.42594,25.33926],[-97.42652,25.34276]]],[[[-97.53936,25.34663],[-97.53584,25.34976],[-97.53728,25.35384],[-97.53936,25.34663]]],[[[-97.52938,25.35014],[-97.52873,25.35297],[-97.53007,25.35433],[-97.52938,25.35014]]],[[[-97.48049,25.35152],[-97.47996,25.35354],[-97.48192,25.35582],[-97.48049,25.35152]]],[[[-97.41878,25.35498],[-97.422,25.35536],[-97.42141,25.35354],[-97.41878,25.35498]]],[[[-97.38912,25.35319],[-97.39131,25.35638],[-97.39434,25.35269],[-97.38912,25.35319]]],[[[-97.40634,25.35643],[-97.40795,25.3569],[-97.41022,25.35467],[-97.40634,25.35643]]],[[[-97.50782,25.35625],[-97.5093,25.35694],[-97.5112,25.35425],[-97.50782,25.35625]]],[[[-97.47241,25.35724],[-97.47377,25.35838],[-97.4739,25.35703],[-97.47241,25.35724]]],[[[-97.53673,25.35914],[-97.54282,25.35852],[-97.54287,25.35457],[-97.53673,25.35914]]],[[[-97.52813,25.36097],[-97.52948,25.36223],[-97.53286,25.35989],[-97.52813,25.36097]]],[[[-97.47169,25.35933],[-97.47289,25.36318],[-97.47489,25.36229],[-97.47169,25.35933]]],[[[-97.37985,25.36102],[-97.38728,25.36274],[-97.38857,25.35508],[-97.37985,25.36102]]],[[[-97.53453,25.3616],[-97.53492,25.36431],[-97.53962,25.36594],[-97.53453,25.3616]]],[[[-97.43984,25.35927],[-97.4367,25.36228],[-97.4307,25.36482],[-97.43984,25.35927]]],[[[-97.70172,25.35605],[-97.69184,25.36206],[-97.69032,25.36533],[-97.70172,25.35605]]],[[[-97.52603,25.37088],[-97.52813,25.3709],[-97.53203,25.3679],[-97.52603,25.37088]]],[[[-97.47912,25.36668],[-97.47809,25.36971],[-97.48018,25.37109],[-97.47912,25.36668]]],[[[-97.5431,25.36653],[-97.54483,25.36678],[-97.54764,25.37121],[-97.5431,25.36653]]],[[[-97.67655,25.37434],[-97.68657,25.37263],[-97.68627,25.37104],[-97.67655,25.37434]]],[[[-97.4903,25.36713],[-97.49048,25.37199],[-97.49231,25.37517],[-97.4903,25.36713]]],[[[-97.48693,25.36834],[-97.48412,25.37406],[-97.48533,25.37645],[-97.48693,25.36834]]],[[[-97.54281,25.37003],[-97.54076,25.37441],[-97.54346,25.37704],[-97.54281,25.37003]]],[[[-97.46988,25.3799],[-97.47251,25.37948],[-97.47432,25.37363],[-97.46988,25.3799]]],[[[-97.54029,25.38321],[-97.54101,25.38559],[-97.54287,25.38538],[-97.54029,25.38321]]],[[[-97.48365,25.3823],[-97.48201,25.38386],[-97.48297,25.38636],[-97.48365,25.3823]]],[[[-97.44442,25.37997],[-97.44324,25.38447],[-97.44582,25.38721],[-97.44442,25.37997]]],[[[-97.47196,25.38314],[-97.4702,25.38465],[-97.47067,25.38736],[-97.47196,25.38314]]],[[[-97.47789,25.3854],[-97.47837,25.38704],[-97.47597,25.39012],[-97.47789,25.3854]]],[[[-97.49468,25.3841],[-97.4914,25.38836],[-97.49482,25.39223],[-97.49468,25.3841]]],[[[-97.48442,25.38964],[-97.48163,25.3939],[-97.48994,25.39128],[-97.48442,25.38964]]],[[[-97.45541,25.38472],[-97.45504,25.39498],[-97.45778,25.39388],[-97.45541,25.38472]]],[[[-97.43637,25.39648],[-97.44622,25.395],[-97.44562,25.39251],[-97.43637,25.39648]]],[[[-97.44898,25.40214],[-97.45008,25.4043],[-97.45235,25.40127],[-97.44898,25.40214]]],[[[-97.46948,25.40247],[-97.47206,25.40441],[-97.47134,25.40271],[-97.46948,25.40247]]],[[[-97.4944,25.40645],[-97.49537,25.40849],[-97.49788,25.40626],[-97.4944,25.40645]]],[[[-97.42606,25.40675],[-97.42625,25.41127],[-97.43029,25.40589],[-97.42606,25.40675]]],[[[-97.48112,25.40541],[-97.47648,25.40841],[-97.47657,25.41202],[-97.48112,25.40541]]],[[[-97.41779,25.41174],[-97.41825,25.41445],[-97.42134,25.41087],[-97.41779,25.41174]]],[[[-97.50882,25.4163],[-97.51092,25.41689],[-97.51019,25.41586],[-97.50882,25.4163]]],[[[-97.44576,25.41148],[-97.44213,25.41347],[-97.44396,25.4162],[-97.44576,25.41148]]],[[[-97.46124,25.41536],[-97.45899,25.41646],[-97.4587,25.41929],[-97.46124,25.41536]]],[[[-97.49306,25.414],[-97.49438,25.41853],[-97.49206,25.42538],[-97.49306,25.414]]],[[[-97.45764,25.42447],[-97.45859,25.42764],[-97.46075,25.42438],[-97.45764,25.42447]]],[[[-97.4405,25.42338],[-97.45063,25.42856],[-97.45249,25.4287],[-97.4405,25.42338]]],[[[-97.54087,25.43851],[-97.5432,25.44102],[-97.54371,25.439],[-97.54087,25.43851]]],[[[-97.4757,25.44102],[-97.53205,25.42771],[-97.4771,25.43821],[-97.4757,25.44102]]],[[[-97.52659,25.44763],[-97.52133,25.45051],[-97.52353,25.45358],[-97.52659,25.44763]]],[[[-97.52653,25.47246],[-97.53104,25.46934],[-97.53538,25.47096],[-97.52653,25.47246]]],[[[-97.27276,25.65679],[-97.28169,25.65425],[-97.28181,25.65058],[-97.27276,25.65679]]],[[[-97.24979,25.65438],[-97.24438,25.6612],[-97.24536,25.66329],[-97.24979,25.65438]]],[[[-97.2095,25.66506],[-97.2102,25.66822],[-97.21209,25.66701],[-97.2095,25.66506]]],[[[-97.25525,25.67035],[-97.26176,25.66761],[-97.26318,25.66458],[-97.25525,25.67035]]],[[[-97.24277,25.67484],[-97.24166,25.67745],[-97.23712,25.68063],[-97.24277,25.67484]]],[[[-97.22472,25.68013],[-97.22207,25.68304],[-97.21529,25.68646],[-97.22472,25.68013]]],[[[-97.22551,25.68636],[-97.22548,25.68748],[-97.23112,25.68495],[-97.22551,25.68636]]],[[[-97.20134,25.69419],[-97.2008,25.697],[-97.20397,25.69422],[-97.20134,25.69419]]],[[[-97.20557,25.6948],[-97.20407,25.69557],[-97.20467,25.69716],[-97.20557,25.6948]]],[[[-97.19555,25.69863],[-97.19477,25.70042],[-97.19715,25.70056],[-97.19555,25.69863]]],[[[-97.20127,25.69938],[-97.19863,25.70115],[-97.20889,25.69812],[-97.20127,25.69938]]],[[[-97.21496,25.69528],[-97.21383,25.69967],[-97.21554,25.70209],[-97.21496,25.69528]]],[[[-97.19362,25.70357],[-97.1921,25.70434],[-97.19535,25.70393],[-97.19362,25.70357]]],[[[-97.17853,25.71252],[-97.18277,25.71257],[-97.18441,25.71],[-97.17853,25.71252]]],[[[-97.18234,25.71562],[-97.18457,25.71621],[-97.18441,25.71469],[-97.18234,25.71562]]],[[[-97.18063,25.72192],[-97.18405,25.7267],[-97.18516,25.71892],[-97.18063,25.72192]]],[[[-97.18767,25.73385],[-97.18664,25.73621],[-97.19013,25.73625],[-97.18767,25.73385]]],[[[-97.1902,25.73941],[-97.19155,25.74146],[-97.1968,25.74005],[-97.1902,25.73941]]],[[[-97.19625,25.74378],[-97.20347,25.7442],[-97.20213,25.74137],[-97.19625,25.74378]]],[[[-97.20781,25.74505],[-97.21181,25.74374],[-97.21159,25.74182],[-97.20781,25.74505]]],[[[-97.18615,25.74387],[-97.18786,25.74581],[-97.18938,25.74409],[-97.18615,25.74387]]],[[[-97.18798,25.75445],[-97.18821,25.75564],[-97.19121,25.75477],[-97.18798,25.75445]]],[[[-97.20935,25.76741],[-97.2088,25.77056],[-97.2116,25.77488],[-97.20935,25.76741]]],[[[-97.20553,25.77233],[-97.204,25.77502],[-97.20719,25.77844],[-97.20553,25.77233]]],[[[-97.17272,25.78308],[-97.17646,25.78302],[-97.17889,25.77837],[-97.17272,25.78308]]],[[[-97.20617,25.78813],[-97.20752,25.78961],[-97.21264,25.78799],[-97.20617,25.78813]]],[[[-97.19029,25.78297],[-97.18875,25.78588],[-97.18879,25.79198],[-97.19029,25.78297]]],[[[-97.17241,25.79471],[-97.17748,25.79771],[-97.17974,25.79649],[-97.17241,25.79471]]],[[[-97.16392,25.8053],[-97.16227,25.80979],[-97.16767,25.80437],[-97.16392,25.8053]]],[[[-100.10381,23.23154],[-100.1156,23.12599],[-100.01125,23.06392],[-100.11085,22.97572],[-100.02938,22.82439],[-100.09406,22.75127],[-99.8824,22.74986],[-99.81403,22.66077],[-99.68254,22.68112],[-99.53469,22.61276],[-99.49454,22.62087],[-99.54433,22.74414],[-99.49679,22.7485],[-99.44205,22.66362],[-99.32962,22.63489],[-99.23684,22.41286],[-98.89,22.35509],[-98.43717,22.43359],[-98.31878,22.39074],[-98.31682,22.46856],[-98.195,22.46956],[-97.83951,22.21151],[-97.78405,22.26393],[-97.88904,22.48305],[-97.84126,22.67119],[-97.8634,22.53935],[-97.9013,22.59937],[-97.85141,22.70976],[-97.92864,22.8285],[-97.85299,22.71669],[-97.76635,22.9584],[-97.84061,22.67248],[-97.76188,23.04903],[-97.86144,23.14554],[-97.76258,23.05701],[-97.73356,23.76722],[-97.77225,23.51353],[-97.75148,23.76592],[-98.00028,23.77296],[-97.73152,23.77171],[-97.71132,24.27616],[-97.74623,23.80446],[-97.8132,24.10284],[-97.77203,24.08722],[-97.79762,24.21036],[-97.76506,24.19136],[-97.7449,24.2644],[-97.74442,24.4436],[-97.81505,24.40423],[-97.77864,24.41808],[-97.82367,24.32528],[-97.85717,24.46501],[-97.81073,24.52545],[-97.87629,24.50639],[-97.86723,24.57097],[-97.83319,24.54195],[-97.85787,24.62319],[-97.74239,24.48613],[-97.7092,24.68683],[-97.76663,24.67038],[-97.70786,24.77076],[-97.74941,24.76999],[-97.70881,24.8113],[-97.74863,24.86108],[-97.61957,24.92879],[-97.74346,24.99253],[-97.68912,25.1529],[-97.78479,25.13385],[-97.74085,25.21091],[-97.73455,25.16075],[-97.67151,25.17565],[-97.70449,25.24034],[-97.79661,25.25585],[-97.7192,25.2574],[-97.69399,25.38116],[-97.53248,25.28855],[-97.5571,25.37943],[-97.48169,25.35971],[-97.57696,25.4444],[-97.4633,25.43897],[-97.52531,25.54118],[-97.46543,25.42771],[-97.39301,25.40662],[-97.44957,25.35587],[-97.41008,25.37396],[-97.40743,25.32033],[-97.37737,25.36763],[-97.42369,25.23833],[-97.16804,25.73044],[-97.25387,25.62012],[-97.27817,25.69602],[-97.18544,25.72423],[-97.2273,25.76695],[-97.29504,25.73537],[-97.15586,25.82113],[-97.16561,25.75462],[-97.14609,25.87269],[-97.15797,25.96125],[-97.28397,25.95933],[-97.42513,25.84052],[-97.66261,26.03808],[-98.19476,26.05309],[-98.44475,26.22428],[-98.66961,26.23631],[-98.8046,26.36763],[-99.08499,26.39795],[-99.26994,26.84501],[-99.44569,27.02186],[-99.44183,27.25081],[-99.53813,27.31645],[-99.47877,27.47951],[-99.52819,27.49815],[-99.51155,27.56605],[-99.72815,27.67913],[-99.92642,27.54916],[-99.91915,27.49152],[-99.76038,27.43696],[-99.65005,27.06586],[-99.76667,26.88984],[-99.66139,26.90084],[-99.58084,26.83011],[-99.65916,26.67037],[-99.39682,26.59657],[-99.43095,26.3513],[-99.19784,26.25868],[-99.16008,26.06123],[-99.02387,26.1041],[-98.90075,25.96832],[-98.82323,26.04765],[-98.58513,26.01792],[-98.58175,25.48936],[-98.42158,25.48936],[-98.42313,25.44749],[-98.93417,25.07276],[-99.01906,25.06993],[-99.05247,25.12713],[-99.16059,25.05528],[-99.18197,24.77604],[-99.29493,24.80414],[-99.47774,24.71262],[-99.54622,24.61307],[-99.73298,24.55399],[-99.7198,24.48371],[-99.63638,24.50667],[-99.58993,24.39614],[-99.65708,24.118],[-99.54189,24.03365],[-99.45687,23.86606],[-99.60217,23.76287],[-99.86066,23.77446],[-99.96119,23.55689],[-99.92125,23.37919],[-100.08026,23.39575],[-100.14495,23.33952],[-100.07804,23.30598],[-100.1019,23.23108],[-100.10381,23.23154]]]]}},{"type":"Feature","properties":{"name":"Tlaxcala","code":"MX-TLA","source":"MEX"},"geometry":{"type":"Polygon","coordinates":[[[-98.66558,19.60615],[-98.7084,19.5476],[-98.65323,19.46599],[-98.52319,19.46087],[-98.34271,19.17794],[-98.20435,19.11493],[-98.03169,19.23094],[-97.9282,19.16421],[-97.83927,19.30138],[-97.62636,19.32393],[-97.79454,19.49837],[-97.86227,19.45618],[-97.87015,19.55915],[-98.04221,19.64022],[-98.06081,19.72892],[-98.10101,19.66805],[-98.33167,19.72232],[-98.3817,19.60936],[-98.66315,19.60475],[-98.66558,19.60615]]]}},{"type":"Feature","properties":{"name":"Veracruz de Ignacio de la Llave","code":"MX-VER","source":"MEX"},"geometry":{"type":"MultiPolygon","coordinates":[[[[-94.93373,17.40204],[-94.93593,17.404],[-94.93327,17.40066],[-94.93373,17.40204]]],[[[-94.62961,17.82943],[-94.63265,17.83312],[-94.62936,17.8275],[-94.62961,17.82943]]],[[[-94.48957,17.9226],[-94.49266,17.93116],[-94.49327,17.92709],[-94.48957,17.9226]]],[[[-94.47639,17.99657],[-94.47087,17.99966],[-94.46889,18.00352],[-94.47639,17.99657]]],[[[-94.46262,18.03101],[-94.45888,18.04872],[-94.46192,18.0457],[-94.46262,18.03101]]],[[[-94.62368,18.21247],[-94.6224,18.21429],[-94.62711,18.21222],[-94.62368,18.21247]]],[[[-95.84386,18.31158],[-95.84126,18.31873],[-95.8402,18.33177],[-95.84386,18.31158]]],[[[-95.72404,18.53607],[-95.72364,18.54053],[-95.72636,18.55133],[-95.72404,18.53607]]],[[[-95.70062,18.58172],[-95.69787,18.58751],[-95.69817,18.59152],[-95.70062,18.58172]]],[[[-95.89591,18.61709],[-95.92065,18.56802],[-95.89846,18.60915],[-95.89591,18.61709]]],[[[-95.84886,18.65814],[-95.8479,18.66222],[-95.85069,18.65931],[-95.84886,18.65814]]],[[[-95.77434,18.6934],[-95.77414,18.69549],[-95.77622,18.69569],[-95.77434,18.6934]]],[[[-95.77982,18.69508],[-95.77564,18.6966],[-95.77489,18.69819],[-95.77982,18.69508]]],[[[-95.78355,18.69468],[-95.78295,18.69836],[-95.78081,18.70088],[-95.78355,18.69468]]],[[[-95.79569,18.70974],[-95.79739,18.71163],[-95.80017,18.70453],[-95.79569,18.70974]]],[[[-95.7843,18.71527],[-95.7917,18.72433],[-95.79455,18.72451],[-95.7843,18.71527]]],[[[-95.82607,18.73055],[-95.82249,18.73219],[-95.83569,18.73938],[-95.82607,18.73055]]],[[[-95.83903,18.74763],[-95.84081,18.75105],[-95.84239,18.75079],[-95.83903,18.74763]]],[[[-95.78637,18.74608],[-95.78304,18.75234],[-95.79052,18.75346],[-95.78637,18.74608]]],[[[-95.86253,18.74459],[-95.85971,18.74644],[-95.85992,18.75163],[-95.86253,18.74459]]],[[[-93.60794,17.31493],[-93.69492,17.3878],[-93.61525,17.55511],[-93.73851,17.67937],[-93.94011,17.75317],[-93.96779,17.84525],[-94.08343,17.86987],[-94.06197,17.98753],[-94.13118,18.21274],[-94.40765,18.15954],[-94.49282,17.94302],[-94.40152,17.81278],[-94.35017,17.90466],[-94.32718,17.83917],[-94.20073,17.85558],[-94.22585,17.73375],[-94.12227,17.58683],[-94.22559,17.55538],[-94.1231,17.58909],[-94.22667,17.73183],[-94.20309,17.85488],[-94.36024,17.85825],[-94.40151,17.81154],[-94.41338,17.88058],[-94.48834,17.90069],[-94.47438,17.96857],[-94.54397,17.97696],[-94.56267,17.88916],[-94.65682,17.86489],[-94.6262,17.81781],[-94.75013,17.63547],[-94.72297,17.50424],[-94.83254,17.50191],[-94.83994,17.43068],[-94.94932,17.40581],[-94.84056,17.43316],[-94.83843,17.50241],[-94.72406,17.50694],[-94.75067,17.64247],[-94.62971,17.85235],[-94.71685,17.87383],[-94.77851,17.78004],[-94.77398,17.81752],[-94.56331,17.89299],[-94.55185,17.97305],[-94.47919,17.97244],[-94.418,18.06161],[-94.52539,18.11237],[-94.43363,18.09641],[-94.41082,18.14924],[-94.62295,18.21011],[-94.64561,18.1679],[-94.60049,18.19663],[-94.6231,18.28713],[-94.79956,18.52491],[-94.98588,18.55748],[-95.03063,18.50858],[-94.98922,18.5569],[-95.18458,18.70804],[-95.5731,18.71956],[-95.74284,18.7905],[-95.7437,18.74657],[-95.58204,18.68715],[-95.63303,18.70563],[-95.63398,18.62008],[-95.72325,18.55639],[-95.67614,18.48375],[-95.73174,18.45423],[-95.71362,18.36188],[-96.08376,18.1614],[-95.83317,18.12903],[-95.79992,17.95001],[-95.90277,17.73265],[-95.78111,17.63888],[-95.80755,17.59184],[-95.70224,17.51853],[-95.5867,17.53489],[-95.23891,17.73926],[-95.18813,17.6507],[-95.27885,17.61324],[-95.07657,17.37293],[-94.89078,17.31106],[-94.92281,17.19379],[-93.86743,17.13696],[-93.80145,17.24038],[-93.63813,17.29095],[-93.60794,17.31493]]],[[[-97.36127,21.02583],[-97.36203,21.02776],[-97.36318,21.02709],[-97.36127,21.02583]]],[[[-97.36304,21.02912],[-97.3635,21.03036],[-97.36509,21.02869],[-97.36304,21.02912]]],[[[-97.45213,21.3676],[-97.45271,21.37127],[-97.45628,21.36665],[-97.45213,21.3676]]],[[[-97.22889,21.46962],[-97.22757,21.4712],[-97.22845,21.47533],[-97.22889,21.46962]]],[[[-97.40495,21.47614],[-97.4877,21.42949],[-97.46837,21.36314],[-97.41295,21.45002],[-97.40495,21.47614]]],[[[-97.49224,21.55717],[-97.4915,21.55885],[-97.49771,21.55773],[-97.49224,21.55717]]],[[[-97.51157,21.57857],[-97.52517,21.58253],[-97.53002,21.58088],[-97.51157,21.57857]]],[[[-97.62993,21.76186],[-97.63142,21.76255],[-97.63097,21.76023],[-97.62993,21.76186]]],[[[-97.64491,21.79348],[-97.64767,21.79616],[-97.64716,21.79412],[-97.64491,21.79348]]],[[[-97.64715,21.80107],[-97.65253,21.80585],[-97.65769,21.80465],[-97.64715,21.80107]]],[[[-97.66203,21.80593],[-97.66339,21.80921],[-97.66556,21.8098],[-97.66203,21.80593]]],[[[-97.6704,21.82042],[-97.70062,21.87475],[-97.60947,21.7183],[-97.66744,21.81306],[-97.6704,21.82042]]],[[[-97.67581,21.92361],[-97.70511,21.96955],[-97.62035,21.7805],[-97.38271,21.52972],[-97.4489,21.35229],[-97.42143,21.26058],[-97.3279,21.56717],[-97.61323,21.83088],[-97.67581,21.92361]]],[[[-97.98504,20.51704],[-97.89515,20.6227],[-97.87912,20.83428],[-97.69518,20.80004],[-97.74951,20.64332],[-97.54104,20.48971],[-97.64541,20.40832],[-97.7346,20.45131],[-97.76564,20.38123],[-97.67313,20.33661],[-97.7573,20.27908],[-97.73945,20.18946],[-97.60449,20.16687],[-97.58603,20.07933],[-97.44528,20.24616],[-97.12241,20.13672],[-97.30456,19.87069],[-97.30393,19.67116],[-97.43428,19.58885],[-97.40456,19.49587],[-97.34826,19.48463],[-97.39736,19.41906],[-97.36045,19.37603],[-96.98556,19.2794],[-97.05615,19.19767],[-97.02705,19.13324],[-97.19459,19.17181],[-97.2614,19.09663],[-97.24182,18.90214],[-97.35482,18.77936],[-97.32318,18.66431],[-97.14144,18.59642],[-97.07997,18.45451],[-96.95433,18.55383],[-96.79701,18.51194],[-96.6959,18.36475],[-96.68154,18.50327],[-96.7269,18.52983],[-96.68302,18.66969],[-96.46107,18.57304],[-96.26635,18.22379],[-96.15915,18.13306],[-95.71781,18.3612],[-95.72892,18.55219],[-95.63547,18.62647],[-95.66918,18.72262],[-95.78299,18.74895],[-95.77173,18.50568],[-95.80115,18.61626],[-95.75806,18.68592],[-95.86726,18.64447],[-95.78721,18.65416],[-95.85677,18.75298],[-95.89755,18.62512],[-95.84879,18.56453],[-95.88195,18.62678],[-95.99019,18.43744],[-96.01259,18.49191],[-96.05249,18.468],[-95.97925,18.51627],[-96.00978,18.54167],[-95.94896,18.53627],[-95.86894,18.75307],[-95.81866,18.74088],[-95.94335,18.86894],[-95.75217,18.79219],[-95.92821,18.88671],[-95.97361,19.05753],[-96.11717,19.09266],[-96.12336,19.21365],[-96.32584,19.32161],[-96.28281,19.30933],[-96.35847,19.40633],[-96.30916,19.46285],[-96.44807,19.84424],[-96.78255,20.23843],[-96.82465,20.1868],[-96.77833,20.22581],[-96.85994,20.28011],[-96.78548,20.24219],[-96.99151,20.46903],[-97.07108,20.477],[-97.09255,20.41288],[-97.20075,20.4534],[-97.09109,20.41475],[-97.07393,20.47839],[-97.00183,20.47544],[-97.14521,20.59827],[-97.20616,20.74166],[-97.25882,20.73317],[-97.24609,20.69205],[-97.2867,20.71865],[-97.19406,20.73825],[-97.30566,20.96709],[-97.43822,20.91172],[-97.53035,20.95397],[-97.57664,20.90096],[-97.65493,20.92158],[-97.35647,20.94708],[-97.38346,21.04207],[-97.30592,20.97201],[-97.50064,21.46838],[-97.57613,21.47006],[-97.64379,21.62678],[-97.72512,21.59287],[-97.64668,21.62771],[-97.79013,22.26],[-97.84236,22.20615],[-98.0003,22.20207],[-97.8958,22.22377],[-98.00032,22.29743],[-97.99002,22.35086],[-98.07426,22.34778],[-98.195,22.46956],[-98.31682,22.46856],[-98.31878,22.39074],[-98.43717,22.43359],[-98.67089,22.40567],[-98.68155,22.37157],[-98.57932,22.37776],[-98.32597,22.24305],[-98.43202,22.12827],[-98.46881,21.9646],[-98.57913,21.96475],[-98.50315,21.93663],[-98.54803,21.86011],[-98.45472,21.76601],[-98.64366,21.63094],[-98.46864,21.38605],[-98.54398,21.2639],[-98.46836,21.24965],[-98.41644,21.15498],[-98.27913,21.19275],[-98.29451,21.14719],[-98.21682,21.15147],[-98.14741,21.07658],[-98.2655,20.86654],[-98.23365,20.79756],[-98.32852,20.7841],[-98.34515,20.86485],[-98.40291,20.85838],[-98.44973,20.75135],[-98.55018,20.68939],[-98.42145,20.74428],[-98.48018,20.589],[-98.59729,20.49577],[-98.54885,20.36008],[-98.46039,20.33145],[-98.32101,20.41801],[-98.0749,20.67655],[-97.98572,20.51823],[-97.98504,20.51704]]]]}},{"type":"Feature","properties":{"name":"Yucatan","code":"MX-YUC","source":"MEX"},"geometry":{"type":"MultiPolygon","coordinates":[[[[-89.8465,21.24273],[-89.84366,21.24509],[-89.84454,21.24772],[-89.8465,21.24273]]],[[[-88.16607,21.59888],[-88.16525,21.60114],[-88.17595,21.59677],[-88.16607,21.59888]]],[[[-88.17174,21.60552],[-88.17272,21.60635],[-88.17406,21.60355],[-88.17174,21.60552]]],[[[-88.17434,21.60627],[-88.2382,21.57521],[-88.17626,21.60412],[-88.17434,21.60627]]],[[[-90.38794,20.84705],[-90.3424,20.96423],[-90.38665,20.55559],[-90.22924,20.54356],[-90.1863,20.43693],[-90.06721,20.42523],[-90.00417,20.48702],[-89.83796,20.28718],[-89.87566,20.2531],[-89.79397,20.13617],[-89.74847,20.17927],[-89.5987,19.9982],[-89.5875,19.87442],[-89.4683,19.70016],[-89.29656,19.55117],[-89.1892,19.64401],[-89.10902,19.58235],[-89.1234,19.70342],[-88.99753,19.70488],[-89.04883,19.72149],[-89.02516,19.77671],[-88.82593,19.87993],[-88.7835,20.00818],[-88.70018,20.01036],[-88.69061,20.08986],[-88.50762,20.14339],[-88.51993,20.19233],[-88.40913,20.2521],[-88.13649,20.28137],[-87.74426,20.65379],[-87.53315,20.9996],[-87.53491,21.48941],[-88.13913,21.62411],[-88.17598,21.61211],[-88.06728,21.59627],[-88.60698,21.52484],[-88.70565,21.42686],[-88.84062,21.39787],[-89.70249,21.28256],[-90.30572,21.03174],[-90.39985,20.84529],[-90.38794,20.84705]]]]}},{"type":"Feature","properties":{"name":"Zacatecas","code":"MX-ZAC","source":"MEX"},"geometry":{"type":"Polygon","coordinates":[[[-101.86167,22.02888],[-101.751,22.01465],[-101.65012,21.90741],[-101.56981,21.91708],[-101.56596,21.84203],[-101.49633,21.80994],[-101.32651,21.99973],[-101.38276,22.02074],[-101.32425,22.20989],[-101.43513,22.34153],[-101.38191,22.35749],[-101.37479,22.45646],[-101.31373,22.45349],[-101.29359,22.58451],[-101.38002,22.67583],[-101.34923,22.71178],[-101.49096,22.74288],[-101.65991,22.50532],[-101.78336,22.46503],[-101.83714,22.49969],[-101.85328,22.65603],[-101.93976,22.64573],[-102.19213,22.8649],[-102.26005,23.04592],[-102.21415,23.13132],[-102.28937,23.23169],[-102.2316,23.31512],[-102.26953,23.27991],[-102.29604,23.3205],[-102.23815,23.4469],[-102.12253,23.35386],[-101.77512,23.44763],[-101.1925,23.91856],[-101.21675,24.15973],[-101.0654,24.20702],[-100.98733,24.43252],[-101.00667,24.33583],[-100.94529,24.2812],[-100.74232,24.46044],[-100.79993,24.55619],[-101.0805,24.59119],[-101.21504,24.77517],[-101.34214,24.81335],[-101.46164,24.73676],[-101.62227,24.75898],[-101.60126,24.83556],[-101.77346,24.87554],[-101.84881,25.01762],[-102.23762,25.11846],[-102.46333,25.11592],[-102.44676,24.99952],[-102.66969,25.06664],[-102.62888,25.00832],[-102.67298,24.97882],[-102.56624,24.90222],[-102.47972,24.42856],[-102.6999,24.37397],[-102.83174,24.38469],[-102.89189,24.46112],[-103.04315,24.4665],[-103.09853,24.40163],[-103.41933,24.43049],[-103.44834,24.3326],[-103.56835,24.28637],[-103.55954,24.19379],[-103.62201,24.11746],[-103.66036,24.14933],[-103.87239,24.00702],[-103.81836,23.96491],[-103.85108,23.6796],[-103.7851,23.67656],[-103.79354,23.63086],[-103.87743,23.62897],[-104.06598,23.46349],[-104.17213,23.12841],[-104.16659,22.94522],[-104.08048,22.76662],[-104.22104,22.77942],[-104.26634,22.73654],[-104.26141,22.5862],[-104.32582,22.5374],[-104.29613,22.47299],[-104.35353,22.40132],[-104.27477,22.3428],[-104.22572,22.41934],[-104.16709,22.38762],[-104.21483,22.48416],[-104.07772,22.53231],[-104.09735,22.35782],[-104.01513,22.36481],[-103.92939,22.4761],[-104.07362,22.69695],[-103.90934,22.75012],[-103.75199,22.71165],[-103.76096,22.62561],[-103.86072,22.56762],[-103.86693,22.40938],[-103.92612,22.33207],[-103.86294,22.16688],[-103.84543,22.34276],[-103.72656,22.57415],[-103.60276,22.55679],[-103.55919,22.42843],[-103.64211,22.34087],[-103.5949,22.27308],[-103.68385,22.10921],[-103.4395,22.11764],[-103.40896,22.21536],[-103.2951,22.25329],[-103.36668,22.35104],[-103.28523,22.41424],[-103.16858,22.38501],[-103.22062,22.28047],[-103.10099,22.29397],[-103.05546,22.24726],[-103.10606,22.19136],[-103.07702,22.1255],[-103.15278,22.08762],[-103.11149,22.01426],[-103.27856,21.98965],[-103.47053,21.81354],[-103.57263,21.80349],[-103.50847,21.73974],[-103.54522,21.58764],[-103.68979,21.55235],[-103.70146,21.46627],[-103.59531,21.39091],[-103.5387,21.44477],[-103.50392,21.37684],[-103.70508,21.3255],[-103.71621,21.26787],[-103.63399,21.28229],[-103.66732,21.21605],[-103.59168,21.12862],[-103.42858,21.14672],[-103.3402,21.04224],[-103.2096,21.09422],[-103.08997,21.06512],[-103.0655,21.25581],[-102.91065,21.20523],[-102.72913,21.38736],[-102.69409,21.34071],[-102.64259,21.3672],[-102.63073,21.53398],[-102.76474,21.59606],[-102.80528,21.67128],[-102.7453,21.72005],[-102.87418,21.85277],[-102.69087,22.10656],[-102.6393,22.22604],[-102.66874,22.29187],[-102.4702,22.30921],[-102.46864,22.35188],[-102.32136,22.38853],[-102.29831,22.45959],[-102.2532,22.37449],[-102.14985,22.34718],[-102.15323,22.29041],[-102.03727,22.29898],[-102.00099,22.16811],[-102.04522,22.15373],[-101.85915,22.03442],[-101.86167,22.02888]]]}}]}